ATTACHMENT_ID,ATTACHMENT_CONTENT_TYPE,ATTACHMENT_LANGUAGE,ATTACHMENT_DATA,ATTACHMENT_URL,ATTACHMENT_SIZE,ATTACHMENT_HASH,ATTACHMENT_TITLE,ATTACHMENT_CREATION,PATIENT_ID,RELATED_PERSON_ID,PRACTITIONER_ID
attjetmtbc4,data photo,en,+miUBUWmsj/D1AV/aZuvTE6AAAAAElFTkSuQmCC,attjetmtbc4,446996,5488a8e1ba237d77d715a21b41b8966591aa85f5,vlcsnap-2017-06-16-20h06m22s006.png,2018-03-16 14:38:28.000,,,prajetmtbc4
attjetnrpej,data photo,en,+miUBUWmsj/D1AV/aZuvTE6AAAAAElFTkSuQmCC,attjetnrpej,446996,5488a8e1ba237d77d715a21b41b8966591aa85f5,vlcsnap-2017-06-16-20h06m22s006.png,2018-03-16 15:05:13.000,,,prajetnrpej
attjetot05p,data photo,en,+miUBUWmsj/D1AV/aZuvTE6AAAAAElFTkSuQmCC,attjetot05p,446996,5488a8e1ba237d77d715a21b41b8966591aa85f5,vlcsnap-2017-06-16-20h06m22s006.png,2018-03-16 15:34:13.000,,,prajetot05p
attjetpi8ls,data photo,en,+miUBUWmsj/D1AV/aZuvTE6AAAAAElFTkSuQmCC,attjetpi8ls,446996,5488a8e1ba237d77d715a21b41b8966591aa85f5,vlcsnap-2017-06-16-20h06m22s006.png,2018-03-16 15:53:50.000,,,prajetpi8ls
attjetppdkh,data photo,en,+miUBUWmsj/D1AV/aZuvTE6AAAAAElFTkSuQmCC,attjetppdkh,446996,5488a8e1ba237d77d715a21b41b8966591aa85f5,vlcsnap-2017-06-16-20h06m22s006.png,2018-03-16 15:59:24.000,,,prajetppdkh
attjetpw49r,data photo,en,+miUBUWmsj/D1AV/aZuvTE6AAAAAElFTkSuQmCC,attjetpw49r,446996,5488a8e1ba237d77d715a21b41b8966591aa85f5,vlcsnap-2017-06-16-20h06m22s006.png,2018-03-16 16:04:38.000,,,prajetpw49r
attjetpx84n,data photo,en,+miUBUWmsj/D1AV/aZuvTE6AAAAAElFTkSuQmCC,attjetpx84n,446996,5488a8e1ba237d77d715a21b41b8966591aa85f5,vlcsnap-2017-06-16-20h06m22s006.png,2018-03-16 16:05:30.000,,,prajetpx84n
attjetq23gg,data photo,en,+miUBUWmsj/D1AV/aZuvTE6AAAAAElFTkSuQmCC,attjetq23gg,446996,5488a8e1ba237d77d715a21b41b8966591aa85f5,vlcsnap-2017-06-16-20h06m22s006.png,2018-03-16 16:09:17.000,,,prajetq23gg
attjetq6bv3,data photo,en,+miUBUWmsj/D1AV/aZuvTE6AAAAAElFTkSuQmCC,attjetq6bv3,446996,5488a8e1ba237d77d715a21b41b8966591aa85f5,vlcsnap-2017-06-16-20h06m22s006.png,2018-03-16 16:12:34.000,,,prajetq6bv3
attjetqgnlv,data photo,en,+miUBUWmsj/D1AV/aZuvTE6AAAAAElFTkSuQmCC,attjetqgnlv,446996,5488a8e1ba237d77d715a21b41b8966591aa85f5,vlcsnap-2017-06-16-20h06m22s006.png,2018-03-16 16:20:36.000,,,prajetqgnlv
attjetqziak,data photo,en,+miUBUWmsj/D1AV/aZuvTE6AAAAAElFTkSuQmCC,attjetqziak,446996,5488a8e1ba237d77d715a21b41b8966591aa85f5,vlcsnap-2017-06-16-20h06m22s006.png,2018-03-16 16:35:16.000,,,prajetqziak
attjezh1q09,image/png,en,+miUBUWmsj/D1AV/aZuvTE6AAAAAElFTkSuQmCC,attjezh1q09,446996,5488a8e1ba237d77d715a21b41b8966591aa85f5,vlcsnap-2017-06-16-20h06m22s006.png1234,2018-03-20 05:43:40.000,patjezh1q04,,
attjezh3gx7,image/png,en,+miUBUWmsj/D1AV/aZuvTE6AAAAAElFTkSuQmCC,attjezh3gx7,446996,5488a8e1ba237d77d715a21b41b8966591aa85f5,vlcsnap-2017-06-16-20h06m22s006.png,2018-03-20 05:45:02.000,patjezh3gx2,,
attjf29n5in,image/png,en,+miUBUWmsj/D1AV/aZuvTE6AAAAAElFTkSuQmCC,192.168.15.133:2008/f188bfb0a60c976b39a1e9dbbc94360d/Patient/patjezh1q04/Photo/attjf29n5in,446996,5488a8e1ba237d77d715a21b41b8966591aa85f5,danelo.png,2018-03-22 04:39:42.000,patjezh1q04,,
attjf3paz8c,image/png,en,+miUBUWmsj/D1AV/aZuvTE6AAAAAElFTkSuQmCCsadsad,attjf3paz8c,446996,849e5f1db7fcd9dec5ade98e6fa2bd035b516706,vlcsnap-2018-02-01.png,2018-03-23 04:45:54.000,,rpjf3paz88,
attjf3qo5m4,dataphoto,en,+miUBUWmsj/D1AV/aZuvTE6AAAAAElFTkSuQmCC,attjf3qo5m4,446996,5488a8e1ba237d77d715a21b41b8966591aa85f5,vlcsnap-2017-06-16-20h06m22s006.png,2018-03-23 16:24:08.000,,,
attjf3rf9o3,image/png,en,+miUBUWmsj/D1AV/aZuvTE6AAAAAElFTkSuQmCC,attjf3rf9o3,446996,5488a8e1ba237d77d715a21b41b8966591aa85f5,danelo.png,2018-03-23 05:45:13.000,,rpjf3paz88,
attjf7pfoai,image/png,en,+miUBUWmsj/D1AV/aZuvTE6AAAAAElFTkSuQmCC,attjf7pfoai,446996,2116ff5037b9a7233a66b4a2791e483e63b613ec,vlcsnap-2017-06.16-20h06m22s006.png,2018-03-26 00:00:37.000,,,
attjf9h079z,image/png,en,+miUBUWmsj/D1AV/aZuvTE6AAAAAElFTkSuQmCC,attjf9h079z,446996,5488a8e1ba237d77d715a21b41b8966591aa85f5,vlcsnap-2017-06-16-20h06m22s006.png,2018-03-27 16:40:11.000,,,prajf9h079z
attjf9h8zti,image/png,en,+miUBUWmsj/D1AV/aZuvTE6AAAAAElFTkSuQmCC,attjf9h8zti,446996,5488a8e1ba237d77d715a21b41b8966591aa85f5,vlcsnap-2017-06-16-20h06m22s006.png,2018-03-27 16:47:01.000,,,prajf9h8zti
attjfaqjxem,image/jpg,en,+miUBUWmsj/D1AV/aZuvTE6AAAAAElFTkSuQmCC,attjfaqjxem,446996,5488a8e1ba237d77d715a21b41b8966591aa85f5,vlcsnap-2017-06-16-20h06m22s006.png,2018-03-28 13:55:14.000,,,
attjfkgr5u5,image/png,en,+miUBUWmsj/D1AV/aZuvTE6AAAAAElFTkSuQmCC,attjfkgr5u5,446996,5488a8e1ba237d77d715a21b41b8966591aa85f5,vlcsnap-2017-06-16-20h06m22s006.png,2018-04-04 09:18:37.000,patjfkgr5u0,,
attjfkhtgln,image/png,en,+miUBUWmsj/D1AV/aZuvTE6AAAAAElFTkSuQmCC,attjfkhtgln,446996,5488a8e1ba237d77d715a21b41b8966591aa85f5,vlcsnap-2017-06-16-20h06m22s006.png,2018-04-04 09:48:24.000,patjfkhtgli,,
attjfkhv946,image/png,en,+miUBUWmsj/D1AV/aZuvTE6AAAAAElFTkSuQmCC,attjfkhv946,446996,5488a8e1ba237d77d715a21b41b8966591aa85f5,vlcsnap-2017-06-16-20h06m22s006.png,2018-04-04 09:49:48.000,patjfkhv941,,
attjfki019d,image/png,en,+miUBUWmsj/D1AV/aZuvTE6AAAAAElFTkSuQmCC,attjfki019d,446996,5488a8e1ba237d77d715a21b41b8966591aa85f5,vlcsnap-2017-06-16-20h06m22s006.png,2018-04-04 09:53:31.000,patjfki0198,,
attjfkp0r70,image/png,en,+miUBUWmsj/D1AV/aZuvTE6AAAAAElFTkSuQmCC,192.168.1.231:2008/8d158383255afefdf11e7d769104a3ba/Patient/patjezh1q04/Photo/attjfkp0r70,446996,5488a8e1ba237d77d715a21b41b8966591aa85f5,danelo.png,2018-04-04 13:10:02.000,patjezh1q04,,
attjfkp720g,image/png/jpg,en,+miUBUWmsj/D1AV/aZuvTE6AAAAAElFTkSuQmCC,192.168.1.231:2008/8d158383255afefdf11e7d769104a3ba/Patient/patjezh1q04/Photo/attjfkp720g,446996,5488a8e1ba237d77d715a21b41b8966591aa85f5,danelo.png,2018-04-04 13:14:55.000,patjezh1q04,,
attjfkp778r,image/png/,en,+miUBUWmsj/D1AV/aZuvTE6AAAAAElFTkSuQmCC,192.168.1.231:2008/8d158383255afefdf11e7d769104a3ba/Patient/patjezh1q04/Photo/attjfkp778r,446996,5488a8e1ba237d77d715a21b41b8966591aa85f5,danelo.png,2018-04-04 13:15:02.000,patjezh1q04,,
attjfkp7abl,image/png/-,en,+miUBUWmsj/D1AV/aZuvTE6AAAAAElFTkSuQmCC,192.168.1.231:2008/8d158383255afefdf11e7d769104a3ba/Patient/patjezh1q04/Photo/attjfkp7abl,446996,5488a8e1ba237d77d715a21b41b8966591aa85f5,danelo.png,2018-04-04 13:15:06.000,patjezh1q04,,
attjfkp7e1v,image/png/0,en,+miUBUWmsj/D1AV/aZuvTE6AAAAAElFTkSuQmCC,192.168.1.231:2008/8d158383255afefdf11e7d769104a3ba/Patient/patjezh1q04/Photo/attjfkp7e1v,446996,5488a8e1ba237d77d715a21b41b8966591aa85f5,danelo.png,2018-04-04 13:15:11.000,patjezh1q04,,
attjfkpp1dl,image/png,en,+miUBUWmsj/D1AV/aZuvTE6AAAAAElFTkSuQmCC,192.168.1.231:2008/8d158383255afefdf11e7d769104a3ba/Patient/patjezh1q04/Photo/attjfkpp1dl,446996,5488a8e1ba237d77d715a21b41b8966591aa85f5,danelo.png,2018-04-04 13:28:54.000,patjezh1q04,,
attjfkq90vm,image/png,en,+miUBUWmsj/D1AV/aZuvTE6AAAAAElFTkSuQmCC12,192.168.1.231:2008/8d158383255afefdf11e7d769104a3ba/Patient/patjezh1q04/Photo/attjfkq90vm,446996,1d69b4e0ba3a42d9086e2061bc1faaa95f1b7d04,danelo.png,2018-04-04 13:44:27.000,patjezh1q04,,
attjfkqakd2,image/png,en,+miUBUWmsj/D1AV/aZuvTE6AAAAAElFTkSuQmCC,192.168.1.231:2008/8d158383255afefdf11e7d769104a3ba/Patient/patjezh1q04/Photo/attjfkqakd2,457724395,5488a8e1ba237d77d715a21b41b8966591aa85f5,danelo.png,2018-04-04 13:45:39.000,patjezh1q04,,
attjfkqapkz,image/png,en,+miUBUWmsj/D1AV/aZuvTE6AAAAAElFTkSuQmCC,192.168.1.231:2008/8d158383255afefdf11e7d769104a3ba/Patient/patjezh1q04/Photo/attjfkqapkz,436,5488a8e1ba237d77d715a21b41b8966591aa85f5,danelo.png,2018-04-04 13:45:46.000,patjezh1q04,,
attjfkqb00s,image/png,en,+miUBUWmsj/D1AV/aZuvTE6AAAAAElFTkSuQmCC,192.168.1.231:2008/8d158383255afefdf11e7d769104a3ba/Patient/patjezh1q04/Photo/attjfkqb00s,436,5488a8e1ba237d77d715a21b41b8966591aa85f5,danelo.png,2018-04-04 13:45:59.000,patjezh1q04,,
attjfkqc7vh,image/png,en,+miUBUWmsj/D1AV/aZuvTE6AAAAAElFTkSuQmCC,192.168.1.231:2008/8d158383255afefdf11e7d769104a3ba/Patient/patjezh1q04/Photo/attjfkqc7vh,446996,5488a8e1ba237d77d715a21b41b8966591aa85f5,danelo.png1,2018-04-04 13:46:56.000,patjezh1q04,,
attjflz62b3,image/png,en,+miUBUWmsj/D1AV/aZuvTE6AAAAAElFTkSuQmCCsadsad,attjflz62b3,446996,849e5f1db7fcd9dec5ade98e6fa2bd035b516706,vlcsnap-2017-06-16-20h06m22s006.png,2018-04-05 10:41:52.000,,rpjflz62az,
attjflzi4aq,image/png,en,+miUBUWmsj/D1AV/aZuvTE6AAAAAElFTkSuQmCCsadsad,attjflzi4aq,446996,849e5f1db7fcd9dec5ade98e6fa2bd035b516706,vlcsnap-2017-06-16-20h06m22s006.png,2018-04-05 10:51:14.000,,rpjflzi4am,
attjflzoapt,image/png,en,+miUBUWmsj/D1AV/aZuvTE6AAAAAElFTkSuQmCCsadsad,attjflzoapt,446996,849e5f1db7fcd9dec5ade98e6fa2bd035b516706,vlcsnap-2017-06-16-20h06m22s006.png,2018-04-05 10:56:02.000,,rpjflzoapp,
attjfm665tt,image/png,en,+miUBUWmsj/D1AV/aZuvTE6AAAAAElFTkSuQmCCsadsad,attjfm665tt,446996,849e5f1db7fcd9dec5ade98e6fa2bd035b516706,vlcsnap-2017-06-16-20h06m22s006.png,2018-04-05 13:57:53.000,,rpjfm665tp,
attjfm8bp4v,image/png,en,+miUBUWmsj/D1AV/aZuvTE6AAAAAElFTkSuQmCC,attjfm8bp4v,446996,5488a8e1ba237d77d715a21b41b8966591aa85f5,danelo.png,2018-04-05 14:58:11.000,,rpjf3paz88,
attjfm8bsqw,image/png,en,+miUBUWmsj/D1AV/aZuvTE6AAAAAElFTkSuQmCC,attjfm8bsqw,446996,5488a8e1ba237d77d715a21b41b8966591aa85f5,danelo.png,2018-04-05 14:58:16.000,,rpjf3paz88,
attjfm8fvpq,image/png5,en,+miUBUWmsj/D1AV/aZuvTE6AAAAAElFTkSuQmCC,attjfm8fvpq,446996,5488a8e1ba237d77d715a21b41b8966591aa85f5,danelo.png,2018-04-05 15:01:26.000,,rpjf3paz88,
attjfm8iu6s,image/png,en,+miUBUWmsj/D1AV/aZuvTE6AAAAAElFTkSuQmCC,attjfm8iu6s,436,5488a8e1ba237d77d715a21b41b8966591aa85f5,danelo.png,2018-04-05 15:03:44.000,,rpjf3paz88,
attjfm8jwoi,image/png,en,+miUBUWmsj/D1AV/aZuvTE6AAAAAElFTkSuQmCC,attjfm8jwoi,446996,5488a8e1ba237d77d715a21b41b8966591aa85f5,danelo.pngf,2018-04-05 15:04:34.000,,rpjf3paz88,
attjfm8k14l,image/png,en,+miUBUWmsj/D1AV/aZuvTE6AAAAAElFTkSuQmCC,attjfm8k14l,446996,5488a8e1ba237d77d715a21b41b8966591aa85f5,danelo.png1,2018-04-05 15:04:40.000,,rpjf3paz88,
attjfm8stdt,image/png,en,+miUBUWmsj/D1AV/aZuvTE6AAAAAElFTkSuQmCCsadsad,attjfm8stdt,446996,849e5f1db7fcd9dec5ade98e6fa2bd035b516706,vlcsnap-2017-06-16-20h06m22s006.png,2018-04-05 15:11:30.000,,rpjfm8stdp,
attjfmar2s2,image/png,en1,+miUBUWmsj/D1AV/aZuvTE6AAAAAElFTkSuQmCC,attjfmar2s2,446996,5488a8e1ba237d77d715a21b41b8966591aa85f5,vlcsnap-2017-06-16-20h06m22s006.png,2018-04-05 16:06:08.000,,rpjf3paz88,
attjfmbphnp,image/png,en,kW3ZLMPPqEZVnQtz8hqDaY3NceARRcVFR8DjEn6bVoH8CuvvMIGmK6hGPMgx4CZHNH5icPDvBwOifhiTIPM12zmQcu4fPlgJsixSfOW5QV/NmFwYKpjLYCpiIS5qXiQ+UKnNhHdOefFMWC8VXP6azDi444EG2WSQBxqVM/sZ4NBO89FSQGGGL0aHoL1jA4vemUPHdxZ3RPXDrYp0KbAOaWADENlfJEiGKoc15f1SzdJLfbkT9FUFRmCgozltQDmqHNKgouvMOgspBYXUmxsFhOCKbtx9Mu1jtMF3xtv7Esmf4pw8i9vu40d0duufPzJJ5/ctWe/ZbSGmyfZEIEMAgIMN3TAltxzzz2TIyOYnVd0RfBoBXdEl6REp5/U8Gf0Uum9eGuSwEyf4SeslD1umIBvDgKwt1ImmobyZK2wAMOkMUaCwYQ5RvZmccMgRhquCwZ/0nOSmYu1YQh/+YqoEpLJCkGOXEjUImBnxKGXC2SRAi7lGXQUAao8RDIQ7ZNLc0OASLhZ3pZMIheCKwQghKW+AbsGSUuhCAGvj5VO0ALuT0tjP+miUBUWmsj/D1AV/aZuvTE6AAAAAElFTkSuQmCC,attjfmbphnp,446996,1f0c8f71053904b9f2ec7d58472b97e610f80f52,vlcsnap-2017-06-16-20h06m22s006.png,2018-04-05 16:32:53.000,,,
attjfs005c9,image/png,en,kW3ZLMPPqEZVnQtz8hqDaY3NceARRcVFR8DjEn6bVoH8CuvvMIGmK6hGPMgx4CZHNH5icPDvBwOifhiTIPM12zmQcu4fPlgJsixSfOW5QV/NmFwYKpjLYCpiIS5qXiQ+UKnNhHdOefFMWC8VXP6azDi444EG2WSQBxqVM/sZ4NBO89FSQGGGL0aHoL1jA4vemUPHdxZ3RPXDrYp0KbAOaWADENlfJEiGKoc15f1SzdJLfbkT9FUFRmCgozltQDmqHNKgouvMOgspBYXUmxsFhOCKbtx9Mu1jtMF3xtv7Esmf4pw8i9vu40d0duufPzJJ5/ctWe/ZbSGmyfZEIEMAgIMN3TAltxzzz2TIyOYnVd0RfBoBXdEl6REp5/U8Gf0Uum9eGuSwEyf4SeslD1umIBvDgKwt1ImmobyZK2wAMOkMUaCwYQ5RvZmccMgRhquCwZ/0nOSmYu1YQh/+YqoEpLJCkGOXEjUImBnxKGXC2SRAi7lGXQUAao8RDIQ7ZNLc0OASLhZ3pZMIheCKwQghKW+AbsGSUuhCAGvj5VO0ALuT0tjP+miUBUWmsj/D1AV/aZuvTE6AAAAAElFTkSuQmCC,attjfs005c9,446996,1f0c8f71053904b9f2ec7d58472b97e610f80f52,vlcsnap-2017-06-16-20h06m22s006.png,2018-04-09 15:51:52.000,,,
attjfs2uqie,image/png,en,+miUBUWmsj/D1AV/aZuvTE6AAAAAElFTkSuQmCC,192.168.1.231:2008/8d158383255afefdf11e7d769104a3ba/Patient/patjezh1q04/Photo/attjfs2uqie,446996,5488a8e1ba237d77d715a21b41b8966591aa85f5,danelo.png,2018-04-09 17:11:39.000,patjezh1q04,,
attjftkckwl,data photo,en,+miUBUWmsj/D1AV/aZuvTE6AAAAAElFTkSuQmCC,attjftkckwl,446996,5488a8e1ba237d77d715a21b41b8966591aa85f5,vlcsnap-2017-06-16-20h06m22s006.png,2018-04-10 18:09:11.000,,,prajftkckwl
attjfukk6ry,image/png,en,+miUBUWmsj/D1AV/aZuvTE6AAAAAElFTkSuQmCC,attjfukk6ry,446996,5488a8e1ba237d77d715a21b41b8966591aa85f5,vlcsnap-2017-06-16-20h06m22s006.png,2018-04-11 11:02:52.000,patjfukk6rt,,
attjfuomb5p,image/png1322,en,+miUBUWmsj/D1AV/aZuvTE6AAAAAElFTkSuQmCC,192.168.1.231:2008/8d158383255afefdf11e7d769104a3ba/Patient/patjezh1q04/Photo/attjfuomb5p,446996,5488a8e1ba237d77d715a21b41b8966591aa85f5,danelo.png,2018-04-11 12:56:29.000,patjezh1q04,,
attjfuomig1,image/png,en,+miUBUWmsj/D1AV/aZuvTE6AAAAAElFTkSuQmCChhhhhhhhhhhhhhhhhhhhh,192.168.1.231:2008/8d158383255afefdf11e7d769104a3ba/Patient/patjezh1q04/Photo/attjfuomig1,446996,aab269ddcf80ba9ad618f66c79b53cdd1ad7f63f,danelo.png,2018-04-11 12:56:39.000,patjezh1q04,,
attjfuompq8,image/png,en,+miUBUWmsj/D1AV/aZuvTE6AAAAAElFTkSuQmCC,192.168.1.231:2008/8d158383255afefdf11e7d769104a3ba/Patient/patjezh1q04/Photo/attjfuompq8,446996,5488a8e1ba237d77d715a21b41b8966591aa85f5,danelo.pngsqwww,2018-04-11 12:56:48.000,patjezh1q04,,
attjfupioqe,image/png,en,+miUBUWmsj/D1AV/aZuvTE6AAAAAElFTkSuQmCC,attjfupioqe,446996,5488a8e1ba237d77d715a21b41b8966591aa85f5,danelo.pngk,2018-04-11 13:21:40.000,,rpjf3paz88,
attjfwafp69,image/png,en,+miUBUWmsj/D1AV/aZuvTE6AAAAAElFTkSuQmCC,192.168.1.231:2008/8d158383255afefdf11e7d769104a3ba/Patient/patjezh1q04/Photo/attjfwafp69,446996,5488a8e1ba237d77d715a21b41b8966591aa85f5,danelo.png,2018-04-12 15:54:59.000,patjezh1q04,,
attjfwah4zn,image/png,en,+miUBUWmsj/D1AV/aZuvTE6AAAAAElFTkSuQmCC,192.168.1.231:2008/8d158383255afefdf11e7d769104a3ba/Patient/patjezh1q04/Photo/attjfwah4zn,446996,5488a8e1ba237d77d715a21b41b8966591aa85f5,danelo.png,2018-04-12 15:56:06.000,patjezh1q04,,
attjg1lmad2,image/png,en,+miUBUWmsj/D1AV/aZuvTE6AAAAAElFTkSuQmCC,attjg1lmad2,446996,5488a8e1ba237d77d715a21b41b8966591aa85f5,vlcsnap-2017-06-16-20h06m22s006.png,2018-04-16 09:06:53.000,patjg1lmacx,,
attjg1m9nxs,image/png,en,kW3ZLMPPqEZVnQtz8hqDaY3NceARRcVFR8DjEn6bVoH8CuvvMIGmK6hGPMgx4CZHNH5icPDvBwOifhiTIPM12zmQcu4fPlgJsixSfOW5QV/NmFwYKpjLYCpiIS5qXiQ+UKnNhHdOefFMWC8VXP6azDi444EG2WSQBxqVM/sZ4NBO89FSQGGGL0aHoL1jA4vemUPHdxZ3RPXDrYp0KbAOaWADENlfJEiGKoc15f1SzdJLfbkT9FUFRmCgozltQDmqHNKgouvMOgspBYXUmxsFhOCKbtx9Mu1jtMF3xtv7Esmf4pw8i9vu40d0duufPzJJ5/ctWe/ZbSGmyfZEIEMAgIMN3TAltxzzz2TIyOYnVd0RfBoBXdEl6REp5/U8Gf0Uum9eGuSwEyf4SeslD1umIBvDgKwt1ImmobyZK2wAMOkMUaCwYQ5RvZmccMgRhquCwZ/0nOSmYu1YQh/+YqoEpLJCkGOXEjUImBnxKGXC2SRAi7lGXQUAao8RDIQ7ZNLc0OASLhZ3pZMIheCKwQghKW+AbsGSUuhCAGvj5VO0ALuT0tjP+miUBUWmsj/D1AV/aZuvTE6AAAAAElFTkSuQmCC,attjg1m9nxs,446996,1f0c8f71053904b9f2ec7d58472b97e610f80f52,vlcsnap-2017-06-16-20h06m22s006.png,2018-04-16 09:25:03.000,,,
attjg1mamjq,image/png,en,kW3ZLMPPqEZVnQtz8hqDaY3NceARRcVFR8DjEn6bVoH8CuvvMIGmK6hGPMgx4CZHNH5icPDvBwOifhiTIPM12zmQcu4fPlgJsixSfOW5QV/NmFwYKpjLYCpiIS5qXiQ+UKnNhHdOefFMWC8VXP6azDi444EG2WSQBxqVM/sZ4NBO89FSQGGGL0aHoL1jA4vemUPHdxZ3RPXDrYp0KbAOaWADENlfJEiGKoc15f1SzdJLfbkT9FUFRmCgozltQDmqHNKgouvMOgspBYXUmxsFhOCKbtx9Mu1jtMF3xtv7Esmf4pw8i9vu40d0duufPzJJ5/ctWe/ZbSGmyfZEIEMAgIMN3TAltxzzz2TIyOYnVd0RfBoBXdEl6REp5/U8Gf0Uum9eGuSwEyf4SeslD1umIBvDgKwt1ImmobyZK2wAMOkMUaCwYQ5RvZmccMgRhquCwZ/0nOSmYu1YQh/+YqoEpLJCkGOXEjUImBnxKGXC2SRAi7lGXQUAao8RDIQ7ZNLc0OASLhZ3pZMIheCKwQghKW+AbsGSUuhCAGvj5VO0ALuT0tjP+miUBUWmsj/D1AV/aZuvTE6AAAAAElFTkSuQmCC,attjg1mamjq,446996,1f0c8f71053904b9f2ec7d58472b97e610f80f52,vlcsnap-2017-06-16-20h06m22s006.png,2018-04-16 09:25:48.000,,,
attjg1mi4cd,image/png,en,kW3ZLMPPqEZVnQtz8hqDaY3NceARRcVFR8DjEn6bVoH8CuvvMIGmK6hGPMgx4CZHNH5icPDvBwOifhiTIPM12zmQcu4fPlgJsixSfOW5QV/NmFwYKpjLYCpiIS5qXiQ+UKnNhHdOefFMWC8VXP6azDi444EG2WSQBxqVM/sZ4NBO89FSQGGGL0aHoL1jA4vemUPHdxZ3RPXDrYp0KbAOaWADENlfJEiGKoc15f1SzdJLfbkT9FUFRmCgozltQDmqHNKgouvMOgspBYXUmxsFhOCKbtx9Mu1jtMF3xtv7Esmf4pw8i9vu40d0duufPzJJ5/ctWe/ZbSGmyfZEIEMAgIMN3TAltxzzz2TIyOYnVd0RfBoBXdEl6REp5/U8Gf0Uum9eGuSwEyf4SeslD1umIBvDgKwt1ImmobyZK2wAMOkMUaCwYQ5RvZmccMgRhquCwZ/0nOSmYu1YQh/+YqoEpLJCkGOXEjUImBnxKGXC2SRAi7lGXQUAao8RDIQ7ZNLc0OASLhZ3pZMIheCKwQghKW+AbsGSUuhCAGvj5VO0ALuT0tjP+miUBUWmsj/D1AV/aZuvTE6AAAAAElFTkSuQmCC,attjg1mi4cd,446996,1f0c8f71053904b9f2ec7d58472b97e610f80f52,vlcsnap-2017-06-16-20h06m22s006.png,2018-04-16 09:31:38.000,,,
attjg1miu13,image/png,en,kW3ZLMPPqEZVnQtz8hqDaY3NceARRcVFR8DjEn6bVoH8CuvvMIGmK6hGPMgx4CZHNH5icPDvBwOifhiTIPM12zmQcu4fPlgJsixSfOW5QV/NmFwYKpjLYCpiIS5qXiQ+UKnNhHdOefFMWC8VXP6azDi444EG2WSQBxqVM/sZ4NBO89FSQGGGL0aHoL1jA4vemUPHdxZ3RPXDrYp0KbAOaWADENlfJEiGKoc15f1SzdJLfbkT9FUFRmCgozltQDmqHNKgouvMOgspBYXUmxsFhOCKbtx9Mu1jtMF3xtv7Esmf4pw8i9vu40d0duufPzJJ5/ctWe/ZbSGmyfZEIEMAgIMN3TAltxzzz2TIyOYnVd0RfBoBXdEl6REp5/U8Gf0Uum9eGuSwEyf4SeslD1umIBvDgKwt1ImmobyZK2wAMOkMUaCwYQ5RvZmccMgRhquCwZ/0nOSmYu1YQh/+YqoEpLJCkGOXEjUImBnxKGXC2SRAi7lGXQUAao8RDIQ7ZNLc0OASLhZ3pZMIheCKwQghKW+AbsGSUuhCAGvj5VO0ALuT0tjP+miUBUWmsj/D1AV/aZuvTE6AAAAAElFTkSuQmCC,attjg1miu13,446996,1f0c8f71053904b9f2ec7d58472b97e610f80f52,vlcsnap-2017-06-16-20h06m22s006.png,2018-04-16 09:32:11.000,,,
attjg1moryi,image/png,en,kW3ZLMPPqEZVnQtz8hqDaY3NceARRcVFR8DjEn6bVoH8CuvvMIGmK6hGPMgx4CZHNH5icPDvBwOifhiTIPM12zmQcu4fPlgJsixSfOW5QV/NmFwYKpjLYCpiIS5qXiQ+UKnNhHdOefFMWC8VXP6azDi444EG2WSQBxqVM/sZ4NBO89FSQGGGL0aHoL1jA4vemUPHdxZ3RPXDrYp0KbAOaWADENlfJEiGKoc15f1SzdJLfbkT9FUFRmCgozltQDmqHNKgouvMOgspBYXUmxsFhOCKbtx9Mu1jtMF3xtv7Esmf4pw8i9vu40d0duufPzJJ5/ctWe/ZbSGmyfZEIEMAgIMN3TAltxzzz2TIyOYnVd0RfBoBXdEl6REp5/U8Gf0Uum9eGuSwEyf4SeslD1umIBvDgKwt1ImmobyZK2wAMOkMUaCwYQ5RvZmccMgRhquCwZ/0nOSmYu1YQh/+YqoEpLJCkGOXEjUImBnxKGXC2SRAi7lGXQUAao8RDIQ7ZNLc0OASLhZ3pZMIheCKwQghKW+AbsGSUuhCAGvj5VO0ALuT0tjP+miUBUWmsj/D1AV/aZuvTE6AAAAAElFTkSuQmCC,attjg1moryi,446996,1f0c8f71053904b9f2ec7d58472b97e610f80f52,vlcsnap-2017-06-16-20h06m22s006.png,2018-04-16 09:36:48.000,,,
attjg1msac0,image/png,en,kW3ZLMPPqEZVnQtz8hqDaY3NceARRcVFR8DjEn6bVoH8CuvvMIGmK6hGPMgx4CZHNH5icPDvBwOifhiTIPM12zmQcu4fPlgJsixSfOW5QV/NmFwYKpjLYCpiIS5qXiQ+UKnNhHdOefFMWC8VXP6azDi444EG2WSQBxqVM/sZ4NBO89FSQGGGL0aHoL1jA4vemUPHdxZ3RPXDrYp0KbAOaWADENlfJEiGKoc15f1SzdJLfbkT9FUFRmCgozltQDmqHNKgouvMOgspBYXUmxsFhOCKbtx9Mu1jtMF3xtv7Esmf4pw8i9vu40d0duufPzJJ5/ctWe/ZbSGmyfZEIEMAgIMN3TAltxzzz2TIyOYnVd0RfBoBXdEl6REp5/U8Gf0Uum9eGuSwEyf4SeslD1umIBvDgKwt1ImmobyZK2wAMOkMUaCwYQ5RvZmccMgRhquCwZ/0nOSmYu1YQh/+YqoEpLJCkGOXEjUImBnxKGXC2SRAi7lGXQUAao8RDIQ7ZNLc0OASLhZ3pZMIheCKwQghKW+AbsGSUuhCAGvj5VO0ALuT0tjP+miUBUWmsj/D1AV/aZuvTE6AAAAAElFTkSuQmCC,attjg1msac0,446996,1f0c8f71053904b9f2ec7d58472b97e610f80f52,vlcsnap-2017-06-16-20h06m22s006.png,2018-04-16 09:39:32.000,,,
attjg1mx5gt,image/png,en,kW3ZLMPPqEZVnQtz8hqDaY3NceARRcVFR8DjEn6bVoH8CuvvMIGmK6hGPMgx4CZHNH5icPDvBwOifhiTIPM12zmQcu4fPlgJsixSfOW5QV/NmFwYKpjLYCpiIS5qXiQ+UKnNhHdOefFMWC8VXP6azDi444EG2WSQBxqVM/sZ4NBO89FSQGGGL0aHoL1jA4vemUPHdxZ3RPXDrYp0KbAOaWADENlfJEiGKoc15f1SzdJLfbkT9FUFRmCgozltQDmqHNKgouvMOgspBYXUmxsFhOCKbtx9Mu1jtMF3xtv7Esmf4pw8i9vu40d0duufPzJJ5/ctWe/ZbSGmyfZEIEMAgIMN3TAltxzzz2TIyOYnVd0RfBoBXdEl6REp5/U8Gf0Uum9eGuSwEyf4SeslD1umIBvDgKwt1ImmobyZK2wAMOkMUaCwYQ5RvZmccMgRhquCwZ/0nOSmYu1YQh/+YqoEpLJCkGOXEjUImBnxKGXC2SRAi7lGXQUAao8RDIQ7ZNLc0OASLhZ3pZMIheCKwQghKW+AbsGSUuhCAGvj5VO0ALuT0tjP+miUBUWmsj/D1AV/aZuvTE6AAAAAElFTkSuQmCC,attjg1mx5gt,446996,1f0c8f71053904b9f2ec7d58472b97e610f80f52,vlcsnap-2017-06-16-20h06m22s006.png,2018-04-16 09:43:19.000,,,
attjg1mzdeg,image/png,en,kW3ZLMPPqEZVnQtz8hqDaY3NceARRcVFR8DjEn6bVoH8CuvvMIGmK6hGPMgx4CZHNH5icPDvBwOifhiTIPM12zmQcu4fPlgJsixSfOW5QV/NmFwYKpjLYCpiIS5qXiQ+UKnNhHdOefFMWC8VXP6azDi444EG2WSQBxqVM/sZ4NBO89FSQGGGL0aHoL1jA4vemUPHdxZ3RPXDrYp0KbAOaWADENlfJEiGKoc15f1SzdJLfbkT9FUFRmCgozltQDmqHNKgouvMOgspBYXUmxsFhOCKbtx9Mu1jtMF3xtv7Esmf4pw8i9vu40d0duufPzJJ5/ctWe/ZbSGmyfZEIEMAgIMN3TAltxzzz2TIyOYnVd0RfBoBXdEl6REp5/U8Gf0Uum9eGuSwEyf4SeslD1umIBvDgKwt1ImmobyZK2wAMOkMUaCwYQ5RvZmccMgRhquCwZ/0nOSmYu1YQh/+YqoEpLJCkGOXEjUImBnxKGXC2SRAi7lGXQUAao8RDIQ7ZNLc0OASLhZ3pZMIheCKwQghKW+AbsGSUuhCAGvj5VO0ALuT0tjP+miUBUWmsj/D1AV/aZuvTE6AAAAAElFTkSuQmCC,attjg1mzdeg,446996,1f0c8f71053904b9f2ec7d58472b97e610f80f52,vlcsnap-2017-06-16-20h06m22s006.png,2018-04-16 09:45:03.000,,,
attjg1n3mcu,image/png,en,kW3ZLMPPqEZVnQtz8hqDaY3NceARRcVFR8DjEn6bVoH8CuvvMIGmK6hGPMgx4CZHNH5icPDvBwOifhiTIPM12zmQcu4fPlgJsixSfOW5QV/NmFwYKpjLYCpiIS5qXiQ+UKnNhHdOefFMWC8VXP6azDi444EG2WSQBxqVM/sZ4NBO89FSQGGGL0aHoL1jA4vemUPHdxZ3RPXDrYp0KbAOaWADENlfJEiGKoc15f1SzdJLfbkT9FUFRmCgozltQDmqHNKgouvMOgspBYXUmxsFhOCKbtx9Mu1jtMF3xtv7Esmf4pw8i9vu40d0duufPzJJ5/ctWe/ZbSGmyfZEIEMAgIMN3TAltxzzz2TIyOYnVd0RfBoBXdEl6REp5/U8Gf0Uum9eGuSwEyf4SeslD1umIBvDgKwt1ImmobyZK2wAMOkMUaCwYQ5RvZmccMgRhquCwZ/0nOSmYu1YQh/+YqoEpLJCkGOXEjUImBnxKGXC2SRAi7lGXQUAao8RDIQ7ZNLc0OASLhZ3pZMIheCKwQghKW+AbsGSUuhCAGvj5VO0ALuT0tjP+miUBUWmsj/D1AV/aZuvTE6AAAAAElFTkSuQmCC,attjg1n3mcu,446996,1f0c8f71053904b9f2ec7d58472b97e610f80f52,vlcsnap-2017-06-16-20h06m22s006.png,2018-04-16 09:48:21.000,,,
attjg1n6y57,image/png,en,kW3ZLMPPqEZVnQtz8hqDaY3NceARRcVFR8DjEn6bVoH8CuvvMIGmK6hGPMgx4CZHNH5icPDvBwOifhiTIPM12zmQcu4fPlgJsixSfOW5QV/NmFwYKpjLYCpiIS5qXiQ+UKnNhHdOefFMWC8VXP6azDi444EG2WSQBxqVM/sZ4NBO89FSQGGGL0aHoL1jA4vemUPHdxZ3RPXDrYp0KbAOaWADENlfJEiGKoc15f1SzdJLfbkT9FUFRmCgozltQDmqHNKgouvMOgspBYXUmxsFhOCKbtx9Mu1jtMF3xtv7Esmf4pw8i9vu40d0duufPzJJ5/ctWe/ZbSGmyfZEIEMAgIMN3TAltxzzz2TIyOYnVd0RfBoBXdEl6REp5/U8Gf0Uum9eGuSwEyf4SeslD1umIBvDgKwt1ImmobyZK2wAMOkMUaCwYQ5RvZmccMgRhquCwZ/0nOSmYu1YQh/+YqoEpLJCkGOXEjUImBnxKGXC2SRAi7lGXQUAao8RDIQ7ZNLc0OASLhZ3pZMIheCKwQghKW+AbsGSUuhCAGvj5VO0ALuT0tjP+miUBUWmsj/D1AV/aZuvTE6AAAAAElFTkSuQmCC,attjg1n6y57,446996,1f0c8f71053904b9f2ec7d58472b97e610f80f52,vlcsnap-2017-06-16-20h06m22s006.png,2018-04-16 09:50:56.000,,,
attjg1n9u3i,image/png,ind,kW3ZLMPPqEZVnQtz8hqDaY3NceARRcVFR8DjEn6bVoH8CuvvMIGmK6hGPMgx4CZHNH5icPDvBwOifhiTIPM12zmQcu4fPlgJsixSfOW5QV/NmFwYKpjLYCpiIS5qXiQ+UKnNhHdOefFMWC8VXP6azDi444EG2WSQBxqVM/sZ4NBO89FSQGGGL0aHoL1jA4vemUPHdxZ3RPXDrYp0KbAOaWADENlfJEiGKoc15f1SzdJLfbkT9FUFRmCgozltQDmqHNKgouvMOgspBYXUmxsFhOCKbtx9Mu1jtMF3xtv7Esmf4pw8i9vu40d0duufPzJJ5/ctWe/ZbSGmyfZEIEMAgIMN3TAltxzzz2TIyOYnVd0RfBoBXdEl6REp5/U8Gf0Uum9eGuSwEyf4SeslD1umIBvDgKwt1ImmobyZK2wAMOkMUaCwYQ5RvZmccMgRhquCwZ/0nOSmYu1YQh/+YqoEpLJCkGOXEjUImBnxKGXC2SRAi7lGXQUAao8RDIQ7ZNLc0OASLhZ3pZMIheCKwQghKW+AbsGSUuhCAGvj5VO0ALuT0tjP+miUBUWmsj/D1AV/aZuvTE6AAAAAElFTkSuQmCC,attjg1n9u3i,446996,1f0c8f71053904b9f2ec7d58472b97e610f80f52,vlcsnap-2017-06-16-20h06m22s006.png,2018-04-16 09:53:11.000,,,
attjg1nb37g,image/png,en,kW3ZLMPPqEZVnQtz8hqDaY3NceARRcVFR8DjEn6bVoH8CuvvMIGmK6hGPMgx4CZHNH5icPDvBwOifhiTIPM12zmQcu4fPlgJsixSfOW5QV/NmFwYKpjLYCpiIS5qXiQ+UKnNhHdOefFMWC8VXP6azDi444EG2WSQBxqVM/sZ4NBO89FSQGGGL0aHoL1jA4vemUPHdxZ3RPXDrYp0KbAOaWADENlfJEiGKoc15f1SzdJLfbkT9FUFRmCgozltQDmqHNKgouvMOgspBYXUmxsFhOCKbtx9Mu1jtMF3xtv7Esmf4pw8i9vu40d0duufPzJJ5/ctWe/ZbSGmyfZEIEMAgIMN3TAltxzzz2TIyOYnVd0RfBoBXdEl6REp5/U8Gf0Uum9eGuSwEyf4SeslD1umIBvDgKwt1ImmobyZK2wAMOkMUaCwYQ5RvZmccMgRhquCwZ/0nOSmYu1YQh/+YqoEpLJCkGOXEjUImBnxKGXC2SRAi7lGXQUAao8RDIQ7ZNLc0OASLhZ3pZMIheCKwQghKW+AbsGSUuhCAGvj5VO0ALuT0tjP+miUBUWmsj/D1AV/aZuvTE6AAAAAElFTkSuQmCC,attjg1nb37g,436,1f0c8f71053904b9f2ec7d58472b97e610f80f52,vlcsnap-2017-06-16-20h06m22s006.png,2018-04-16 09:54:09.000,,,
attjg1ne2ys,image/png/1323123,en,kW3ZLMPPqEZVnQtz8hqDaY3NceARRcVFR8DjEn6bVoH8CuvvMIGmK6hGPMgx4CZHNH5icPDvBwOifhiTIPM12zmQcu4fPlgJsixSfOW5QV/NmFwYKpjLYCpiIS5qXiQ+UKnNhHdOefFMWC8VXP6azDi444EG2WSQBxqVM/sZ4NBO89FSQGGGL0aHoL1jA4vemUPHdxZ3RPXDrYp0KbAOaWADENlfJEiGKoc15f1SzdJLfbkT9FUFRmCgozltQDmqHNKgouvMOgspBYXUmxsFhOCKbtx9Mu1jtMF3xtv7Esmf4pw8i9vu40d0duufPzJJ5/ctWe/ZbSGmyfZEIEMAgIMN3TAltxzzz2TIyOYnVd0RfBoBXdEl6REp5/U8Gf0Uum9eGuSwEyf4SeslD1umIBvDgKwt1ImmobyZK2wAMOkMUaCwYQ5RvZmccMgRhquCwZ/0nOSmYu1YQh/+YqoEpLJCkGOXEjUImBnxKGXC2SRAi7lGXQUAao8RDIQ7ZNLc0OASLhZ3pZMIheCKwQghKW+AbsGSUuhCAGvj5VO0ALuT0tjP+miUBUWmsj/D1AV/aZuvTE6AAAAAElFTkSuQmCC,attjg1ne2ys,446996,1f0c8f71053904b9f2ec7d58472b97e610f80f52,vlcsnap-2017-06-16-20h06m22s006.png,2018-04-16 09:56:29.000,,,
attjg1nga10,image/png,en,kW3ZLMPPqEZVnQtz8hqDaY3NceARRcVFR8DjEn6bVoH8CuvvMIGmK6hGPMgx4CZHNH5icPDvBwOifhiTIPM12zmQcu4fPlgJsixSfOW5QV/NmFwYKpjLYCpiIS5qXiQ+UKnNhHdOefFMWC8VXP6azDi444EG2WSQBxqVM/sZ4NBO89FSQGGGL0aHoL1jA4vemUPHdxZ3RPXDrYp0KbAOaWADENlfJEiGKoc15f1SzdJLfbkT9FUFRmCgozltQDmqHNKgouvMOgspBYXUmxsFhOCKbtx9Mu1jtMF3xtv7Esmf4pw8i9vu40d0duufPzJJ5/ctWe/ZbSGmyfZEIEMAgIMN3TAltxzzz2TIyOYnVd0RfBoBXdEl6REp5/U8Gf0Uum9eGuSwEyf4SeslD1umIBvDgKwt1ImmobyZK2wAMOkMUaCwYQ5RvZmccMgRhquCwZ/0nOSmYu1YQh/+YqoEpLJCkGOXEjUImBnxKGXC2SRAi7lGXQUAao8RDIQ7ZNLc0OASLhZ3pZMIheCKwQghKW+AbsGSUuhCAGvj5VO0ALuT0tjP+miUBUWmsj/D1AV/aZuvTE6AAAAAElFTkSuQmCC,attjg1nga10,446996,1f0c8f71053904b9f2ec7d58472b97e610f80f52,vlcsnap-2017-06-16-20h06m22s006.pngggggg,2018-04-16 09:58:12.000,,,
attjg1oztv5,image/png,en,kW3ZLMPPqEZVnQtz8hqDaY3NceARRcVFR8DjEn6bVoH8CuvvMIGmK6hGPMgx4CZHNH5icPDvBwOifhiTIPM12zmQcu4fPlgJsixSfOW5QV/NmFwYKpjLYCpiIS5qXiQ+UKnNhHdOefFMWC8VXP6azDi444EG2WSQBxqVM/sZ4NBO89FSQGGGL0aHoL1jA4vemUPHdxZ3RPXDrYp0KbAOaWADENlfJEiGKoc15f1SzdJLfbkT9FUFRmCgozltQDmqHNKgouvMOgspBYXUmxsFhOCKbtx9Mu1jtMF3xtv7Esmf4pw8i9vu40d0duufPzJJ5/ctWe/ZbSGmyfZEIEMAgIMN3TAltxzzz2TIyOYnVd0RfBoBXdEl6REp5/U8Gf0Uum9eGuSwEyf4SeslD1umIBvDgKwt1ImmobyZK2wAMOkMUaCwYQ5RvZmccMgRhquCwZ/0nOSmYu1YQh/+YqoEpLJCkGOXEjUImBnxKGXC2SRAi7lGXQUAao8RDIQ7ZNLc0OASLhZ3pZMIheCKwQghKW+AbsGSUuhCAGvj5VO0ALuT0tjP+miUBUWmsj/D1AV/aZuvTE6AAAAAElFTkSuQmCC,attjg1oztv5,446996,1f0c8f71053904b9f2ec7d58472b97e610f80f52,vlcsnap-2017-06-16-20h06m22s006.png,2018-04-16 10:41:23.000,,,
attjg1uphsf,image/png,en,+miUBUWmsj/D1AV/aZuvTE6AAAAAElFTkSuQmCCsadsad,attjg1uphsf,446996,849e5f1db7fcd9dec5ade98e6fa2bd035b516706,vlcsnap-2017-06-16-20h06m22s006.png,2018-04-16 13:21:19.000,,rpjg1uphsb,
attjg1upzxt,image/png,en,+miUBUWmsj/D1AV/aZuvTE6AAAAAElFTkSuQmCCsadsad,attjg1upzxt,446996,849e5f1db7fcd9dec5ade98e6fa2bd035b516706,vlcsnap-2017-06-16-20h06m22s006.png,2018-04-16 13:21:42.000,,rpjg1upzxp,
attjg1us41f,image/png,en,+miUBUWmsj/D1AV/aZuvTE6AAAAAElFTkSuQmCCsadsad,attjg1us41f,446996,849e5f1db7fcd9dec5ade98e6fa2bd035b516706,vlcsnap-2017-06-16-20h06m22s006.png,2018-04-16 13:23:21.000,,rpjg1us41b,
attjg1usf9x,image/png,en,+miUBUWmsj/D1AV/aZuvTE6AAAAAElFTkSuQmCCsadsad,attjg1usf9x,446996,849e5f1db7fcd9dec5ade98e6fa2bd035b516706,vlcsnap-2017-06-16-20h06m22s006.png,2018-04-16 13:23:36.000,,rpjg1usf9t,
attjg1uuqlb,image/png,en,+miUBUWmsj/D1AV/aZuvTE6AAAAAElFTkSuQmCCsadsad,attjg1uuqlb,446996,849e5f1db7fcd9dec5ade98e6fa2bd035b516706,vlcsnap-2017-06-16-20h06m22s006.png,2018-04-16 13:25:24.000,,rpjg1uuql7,
attjg1uuvhs,image/png,en,+miUBUWmsj/D1AV/aZuvTE6AAAAAElFTkSuQmCCsadsad,attjg1uuvhs,446996,849e5f1db7fcd9dec5ade98e6fa2bd035b516706,vlcsnap-2017-06-16-20h06m22s006.png,2018-04-16 13:25:30.000,,rpjg1uuvho,
attjg1uv07p,image/png,en,+miUBUWmsj/D1AV/aZuvTE6AAAAAElFTkSuQmCCsadsad,attjg1uv07p,446996,849e5f1db7fcd9dec5ade98e6fa2bd035b516706,vlcsnap-2017-06-16-20h06m22s006.png,2018-04-16 13:25:36.000,,rpjg1uv07l,
attjg1ux4k7,image/png,en,+miUBUWmsj/D1AV/aZuvTE6AAAAAElFTkSuQmCCsadsad,attjg1ux4k7,446996,849e5f1db7fcd9dec5ade98e6fa2bd035b516706,vlcsnap-2017-06-16-20h06m22s006.png,2018-04-16 13:27:15.000,,rpjg1ux4k3,
attjg1uzgot,image/png,en,+miUBUWmsj/D1AV/aZuvTE6AAAAAElFTkSuQmCCsadsad,attjg1uzgot,446996,849e5f1db7fcd9dec5ade98e6fa2bd035b516706,vlcsnap-2017-06-16-20h06m22s006.png,2018-04-16 13:29:04.000,,rpjg1uzgop,
attjg1v1w2u,image/png,en,+miUBUWmsj/D1AV/aZuvTE6AAAAAElFTkSuQmCCsadsad,attjg1v1w2u,446996,849e5f1db7fcd9dec5ade98e6fa2bd035b516706,vlcsnap-2017-06-16-20h06m22s006.png,2018-04-16 13:30:57.000,,rpjg1v1w2q,
attjg1v3vi6,image/png,en,+miUBUWmsj/D1AV/aZuvTE6AAAAAElFTkSuQmCCsadsad,attjg1v3vi6,446996,849e5f1db7fcd9dec5ade98e6fa2bd035b516706,vlcsnap-2017-06-16-20h06m22s006.png,2018-04-16 13:32:30.000,,rpjg1v3vi2,
attjg1v75a6,image/png,en,+miUBUWmsj/D1AV/aZuvTE6AAAAAElFTkSuQmCCsadsad,attjg1v75a6,446996,849e5f1db7fcd9dec5ade98e6fa2bd035b516706,vlcsnap-2017-06-16-20h06m22s006.png,2018-04-16 13:35:02.000,,rpjg1v75a2,
attjg1v9gat,image/png,en,+miUBUWmsj/D1AV/aZuvTE6AAAAAElFTkSuQmCCsadsad,attjg1v9gat,446996,849e5f1db7fcd9dec5ade98e6fa2bd035b516706,vlcsnap-2017-06-16-20h06m22s006.png,2018-04-16 13:36:50.000,,rpjg1v9gap,
attjg1v9u8c,image/png,en,+miUBUWmsj/D1AV/aZuvTE6AAAAAElFTkSuQmCCsadsad,attjg1v9u8c,446996,849e5f1db7fcd9dec5ade98e6fa2bd035b516706,vlcsnap-2017-06-16-20h06m22s006.png,2018-04-16 13:37:08.000,,rpjg1v9u88,
attjg1vq1mk,image/png,en,+miUBUWmsj/D1AV/aZuvTE6AAAAAElFTkSuQmCCsadsad,attjg1vq1mk,446996,849e5f1db7fcd9dec5ade98e6fa2bd035b516706,vlcsnap-2017-06-16-20h06m22s006.png,2018-04-16 13:49:44.000,,rpjg1vq1mg,
attjg1vsecy,image/png,en,+miUBUWmsj/D1AV/aZuvTE6AAAAAElFTkSuQmCCsadsad,attjg1vsecy,446996,849e5f1db7fcd9dec5ade98e6fa2bd035b516706,vlcsnap-2017-06-16-20h06m22s006.png,2018-04-16 13:51:34.000,,rpjg1vsecu,
attjg1vu9i9,image/png,en,+miUBUWmsj/D1AV/aZuvTE6AAAAAElFTkSuQmCCsadsad,attjg1vu9i9,446996,849e5f1db7fcd9dec5ade98e6fa2bd035b516706,vlcsnap-2017-06-16-20h06m22s006.png,2018-04-16 13:53:01.000,,rpjg1vu9i5,
attjg1vvuyo,image/png,en,+miUBUWmsj/D1AV/aZuvTE6AAAAAElFTkSuQmCCsadsad,attjg1vvuyo,446996,849e5f1db7fcd9dec5ade98e6fa2bd035b516706,vlcsnap-2017-06-16-20h06m22s006.png,2018-04-16 13:54:15.000,,rpjg1vvuyk,
attjg1vyee3,image/png,en,+miUBUWmsj/D1AV/aZuvTE6AAAAAElFTkSuQmCCsadsad,attjg1vyee3,446996,849e5f1db7fcd9dec5ade98e6fa2bd035b516706,vlcsnap-2017-06-16-20h06m22s006.png,2018-04-16 13:56:14.000,,rpjg1vyedz,
attjg1w0kf9,image/png,en,+miUBUWmsj/D1AV/aZuvTE6AAAAAElFTkSuQmCCsadsad,attjg1w0kf9,446996,849e5f1db7fcd9dec5ade98e6fa2bd035b516706,vlcsnap-2017-06-16-20h06m22s006.png,2018-04-16 13:57:55.000,,rpjg1w0kf5,
attjg1w33kf,image/png,en,+miUBUWmsj/D1AV/aZuvTE6AAAAAElFTkSuQmCCsadsad,attjg1w33kf,446996,849e5f1db7fcd9dec5ade98e6fa2bd035b516706,vlcsnap-2017-06-16-20h06m22s006.png,2018-04-16 13:59:53.000,,rpjg1w33kb,
attjg1w4ylq,image/png,en,+miUBUWmsj/D1AV/aZuvTE6AAAAAElFTkSuQmCCsadsad,attjg1w4ylq,446996,849e5f1db7fcd9dec5ade98e6fa2bd035b516706,vlcsnap-2017-06-16-20h06m22s006.png,2018-04-16 14:01:20.000,,rpjg1w4ylm,
attjg1w9093,image/png,en,+miUBUWmsj/D1AV/aZuvTE6AAAAAElFTkSuQmCCsadsad,attjg1w9093,446996,849e5f1db7fcd9dec5ade98e6fa2bd035b516706,vlcsnap-2017-06-16-20h06m22s006.png,2018-04-16 14:04:29.000,,rpjg1w908z,
attjg1wb09l,image/png,en,+miUBUWmsj/D1AV/aZuvTE6AAAAAElFTkSuQmCCsadsad,attjg1wb09l,446996,849e5f1db7fcd9dec5ade98e6fa2bd035b516706,vlcsnap-2017-06-16-20h06m22s006.png,2018-04-16 14:06:02.000,,rpjg1wb09h,
attjg1wg795,image/png,en,+miUBUWmsj/D1AV/aZuvTE6AAAAAElFTkSuQmCCsadsad,attjg1wg795,446996,849e5f1db7fcd9dec5ade98e6fa2bd035b516706,vlcsnap-2017-06-16-20h06m22s006.png,2018-04-16 14:10:04.000,,rpjg1wg791,
attjg1wijb1,image/png,en,+miUBUWmsj/D1AV/aZuvTE6AAAAAElFTkSuQmCCsadsad,attjg1wijb1,446996,849e5f1db7fcd9dec5ade98e6fa2bd035b516706,vlcsnap-2017-06-16-20h06m22s006.png,2018-04-16 14:11:53.000,,rpjg1wijax,
attjg1wj5fm,image/png,en,+miUBUWmsj/D1AV/aZuvTE6AAAAAElFTkSuQmCCsadsad,attjg1wj5fm,446996,849e5f1db7fcd9dec5ade98e6fa2bd035b516706,vlcsnap-2017-06-16-20h06m22s006.png,2018-04-16 14:12:22.000,,rpjg1wj5fi,
attjg1wk33b,image/png,en,+miUBUWmsj/D1AV/aZuvTE6AAAAAElFTkSuQmCCsadsad,attjg1wk33b,446996,849e5f1db7fcd9dec5ade98e6fa2bd035b516706,vlcsnap-2017-06-16-20h06m22s006.png,2018-04-16 14:13:06.000,,rpjg1wk337,
attjg1wmpvu,image/png,en,+miUBUWmsj/D1AV/aZuvTE6AAAAAElFTkSuQmCCsadsad,attjg1wmpvu,446996,849e5f1db7fcd9dec5ade98e6fa2bd035b516706,vlcsnap-2017-06-16-20h06m22s006.png,2018-04-16 14:15:09.000,,rpjg1wmpvq,
attjg1wrw58,image/png1234,en,+miUBUWmsj/D1AV/aZuvTE6AAAAAElFTkSuQmCCsadsad,attjg1wrw58,446996,849e5f1db7fcd9dec5ade98e6fa2bd035b516706,vlcsnap-2017-06-16-20h06m22s006.png,2018-04-16 14:19:10.000,,rpjg1wrw54,
attjg1wu2hj,image/png,en,+miUBUWmsj/D1AV/aZuvTE6AAAAAElFTkSuQmCCsadsad,attjg1wu2hj,436,849e5f1db7fcd9dec5ade98e6fa2bd035b516706,vlcsnap-2017-06-16-20h06m22s006.png,2018-04-16 14:20:51.000,,rpjg1wu2hf,
attjg1wwsi2,image/png,en,+miUBUWmsj/D1AV/aZuvTE6AAAAAElFTkSuQmCCsadsad,attjg1wwsi2,446996,849e5f1db7fcd9dec5ade98e6fa2bd035b516706,vlcsnap-2017-06-16-20h06m22s006.png/123,2018-04-16 14:22:59.000,,rpjg1wwshy,
attjg7j9563,image/jpeg,ar,/9j/4AAQSkZJRgABAQEAYABgAAD/4Q6yRXhpZgAATU0AKgAAAAgABwESAAMAAAABAAEAAAEaAAUAAAABAAAAYgEbAAUAAAABAAAAagEoAAMAAAABAAIAAAExAAIAAAAUAAAAcgEyAAIAAAAUAAAAhodpAAQAAAABAAAAnAAAAMgAAABgAAAAAQAAAGAAAAABQWRvYmUgUGhvdG9zaG9wIDcuMAAyMDA2OjEwOjExIDIwOjQ4OjE4AAAAAAOgAQADAAAAAf//AACgAgAEAAAAAQAAAXmgAwAEAAAAAQAAAeAAAAAAAAAABgEDAAMAAAABAAYAAAEaAAUAAAABAAABFgEbAAUAAAABAAABHgEoAAMAAAABAAIAAAIBAAQAAAABAAABJgICAAQAAAABAAANhAAAAAAAAABIAAAAAQAAAEgAAAAB/9j/4AAQSkZJRgABAgEASABIAAD/7QAMQWRvYmVfQ00AAv/uAA5BZG9iZQBkgAAAAAH/2wCEAAwICAgJCAwJCQwRCwoLERUPDAwPFRgTExUTExgRDAwMDAwMEQwMDAwMDAwMDAwMDAwMDAwMDAwMDAwMDAwMDAwBDQsLDQ4NEA4OEBQODg4UFA4ODg4UEQwMDAwMEREMDAwMDAwRDAwMDAwMDAwMDAwMDAwMDAwMDAwMDAwMDAwMDP/AABEIAIAAZQMBIgACEQEDEQH/3QAEAAf/xAE/AAABBQEBAQEBAQAAAAAAAAADAAECBAUGBwgJCgsBAAEFAQEBAQEBAAAAAAAAAAEAAgMEBQYHCAkKCxAAAQQBAwIEAgUHBggFAwwzAQACEQMEIRIxBUFRYRMicYEyBhSRobFCIyQVUsFiMzRygtFDByWSU/Dh8WNzNRaisoMmRJNUZEXCo3Q2F9JV4mXys4TD03Xj80YnlKSFtJXE1OT0pbXF1eX1VmZ2hpamtsbW5vY3R1dnd4eXp7fH1+f3EQACAgECBAQDBAUGBwcGBTUBAAIRAyExEgRBUWFxIhMFMoGRFKGxQiPBUtHwMyRi4XKCkkNTFWNzNPElBhaisoMHJjXC0kSTVKMXZEVVNnRl4vKzhMPTdePzRpSkhbSVxNTk9KW1xdXl9VZmdoaWprbG1ub2JzdHV2d3h5ent8f/2gAMAwEAAhEDEQA/AMHD6fTdn+plEVsqkuZ2PgFPqGUcu07PbRXpW3j+0Uay3Gsx/a4etADm91XLG6khauGO8j0JAHZpZZaADqLJaordrCj6firXpN7JGoE6D7lOwtM1M/O0HdQdSNABM6q4+nncdBqfgFjnJdl2an08YEAMJ5/lPdCiz544Y3LUn5YsuLDLIaGg6lO3a/6JDtYJB4hO1m5zGNc02WHaGhwkHwd+6j11sfuY8NcGQCzwb/g++zaqme1rWubD6bq4O76IdAJrn6Pv9qzR8SymW0a7Ufz4m6eRxiO5vukIexzgeWGHQe6k264CWPcPmiYRGZjAv3BzBOo0c4CHe8gIpoA7aFaODMM0OICqNEeLSzYzjlV31B8ETeoZrOLXI7Ot57eXT8QhmlsqLscdlMx23P8AnDlbYhs+KSofZ/JJLVVl/9DlqqHDINrXdogq5Onmg1taB3nsrDK9Ad0FauKVDzNtKcbUCCOUhPlqpPYQNIPmhQ4O4UwkxkIuo2engXuJg7doPm47P+/LK6bgWX1ggSCdGdh8ZWrl0V34tlVn5wlp8HD6B/zkDp5ycOusNqDgWgmSdxfEva1rGWfRWX8TkeOI7R/bJv8AIQBiSf3v+9bw+rXUcxrXVvpYwDbtnaSCQ4z9L89u9V+ofVTqWHZUIOTW2CNhkfyW/vLo+j9SptYWvZZj21AueywTA/ea5v0lYt690l0t+0FzmRvOx4DfNztgbtWR7mQGgLrpTsexhMQSavqT/wB88vhNuaCx4DTXpqdROo9v0W/2UUkGZbop5d1L+o3ioF0hhL26sLHN31mf5TvooZLux+9bnwoH2pyIril/3LifEaGQRBvhB/NW1ib0mnhKTMASnnSYWi0mHpCUlKR8kkbQ/wD/0eeD2QHI1drTyAAqgDWgwU8P5iW9oWsA0bLdL2n27lCHxJPCrmxrBMET96cWuI0O5qdErSkL38fcVodGNdVNt1xPpsMwBLiQPzVmCwtPu4Gqt4lzbOnvxSP0m8WMePpAR9Jv+b+kYs34qP5s9TYl/dH/AKM6fwqVSnfTUf3j/wCit/p178vNyc2WtAYKq2FwlrT2/rq83p+G+x1/pt9VhBe6IsDiPLb7P+gjdPZ0xuL6ltdrMrj06hXYCPEWXtrs/wCtvcquRZ9jLsi943Fm0Vt0J1Lqqv5bq/8ASrIoymIwGp9MYx6+Ds3GMDLIK4blKUxp/ec3qddVFgbUGtdefUe1o4DR6NLf5LNrXPYxUiTEESmFj3ucX6Ekkn4pyXDggjsum5bF7OKOO7I3P9YvMczl97LLJVXsOwCw2zA0PdSA0jiVH1BEuG0pvaT7XHRT2wMtohJD1jymEklP/9LnXMcO3PdQPqt1iWq2xxJgnbCkdkndE9lrBo00i2t/udLUSvCut/mWHbyHH2g/An6Su0Yr3u3emCNC0O4g/nLSbTaNe/cHQiP3f5KhyZ60jR8WaGC9ZWPBxM7pGWxu9rwccNbMcl2nqNsc783f/N7fzFZw+nZgcyyrb6jDI3cHxa5bO6WQ4bmEQZH3te1Oxnpia4Hfx/8AMlm8zDLM8QPF4S/7l0eWlhh6ZDh/rR/7pei/KcyPsPpuA+mXtLdPh7nNWD125/28MsJcWsHu4BJ1ds/q/QXQBmS5ztjmhjtfTJcBu+Pp/RVW7GbZW2rJDL7JLrDHt3uPv9Ld72M/MYm8jCeLN7k4UKNf4TJz+SGXCIQnxHiB8Ki8415g7dU4eCBu0PaFoZXSamu/VnFp1Ppu4gfuv+l/nrOuY6s/pGkCQNx4kjc33D95q2oZYyGh+jiTxyjuPr0XcP5Ux2TE2R7CGwh7gXd48QnE9in2sS+tZt7Skhb3caQklan/08j0Xu1BgodlWwhpMk8/NDZn2t0sALfEBF3faXNLOXaNB047LSySIj5tXGAZeTq4rQGieDoVeYDtIIl7PxCqYL2XVydHfRtZ3Dv/ADJWiSzU8s7+LPH+sxUy3IsGaOe0GQIe0+LH/R/zHt9NFaBCE4sbl0tGhsNtZHhozI/6tvqM/wCNRxIdB0KA1Sza4jTt4Ks1oPu8ZI+9WJj5BDYPY0Rw1v3pBTUcyXXPI+izT/X5JjRW4eg9jXttfW0tcJEVsmx/9lWjXuFg53Frfu/3obo9RhDTY924MYO4n36/m79rPf8AmVeojdIItwM3p7sa91YHtkmsjWW/m/2mqo7HceCt7rFJrNTy7fZJ9Yjjc/3/ANlv7n/BrNJaTprHK0MUuKAJaGWPDMgNH0TMSPikr+2qeAkn0sf/1Mg+h3AQxW179tRju3t/q5QFj2OPsDm+KTXS4FvscdQB9y0cvy/VrYvm+jr4znvcHH9DlAQXH6FgH78f+dsWix7bG7XjY9vAOo1H/SreqNEOrBeQPOe/j/WV5rqyRBGnb48qmezbDVOM6rMxy5xLWb3tnnRradf33bCyvd/wautIeJ7jsg5ZLG1ObrFm0TxDwWul39lFoAA3SDu0MGR96GxSonR3iGn8idgm14/cawfOC5Sc0bSO5QsR3qUuuH+Hsc4f1Z2V/wDQYleqUoAazee0uVbGrcXPLn7B9GWnc8gfm7j7KWfyWf56brPUGYHT7L3ODXuLa6Qe9j9GafyY9T+wsnHy7n1NDHFoAhoHICjnljDU2fJdDHKZoV9XQ6rURjtgBoL+ACex+k93uss09z1klrWHXv3U7cjLDXNdYXsdy12oB/Nd/ZVZ4y+zQfMK9yeaM8ZrodvNqc5hljyC9pDQpd1HiZ8ISQN18bdvv8Ulaar/AP/V5+APa2xpHxTkOYwvG0uj2/7UEMxWy4ktKkLKeQJI1n4LSnRgQft7eLUgSJAhPg3OeQbCXeE9h5LaDG+nMBc/hvLSNwjTj4rdr3Pqhc9mBEtXoeXkDHTYtbNuyjV6VFhDy9hb+dDmu3tcGu3bv3Nv82q+BZ1Ag2vc+tl7nfpWN21UvZ3vZsd+if8A4RlX6f8ARv8ARruVm3Av3ttrJa9uod/sQH29Rx73X1kMc7a5wYC0F7f5u5v0tlrfzXN+gpcWatCeIMOfBdmIotl/UeqDHdU8VvtfWWh0FrmPc2fe36O6lzve1Gxur41VFNFjLK/TYGklstkCPpMlNh34uW4BjPTvMzSSGkk/ubv53+yrn2Ohwh4LTBkkeKaebnEkEddivHJwIBB1rcOBmdQZ1DOnIca8OkkU1ObG6Rssvt0/wjfoM/Mq/lpsi3Cxslj8Kxn2d42mlgcTWQBLz/wdv/nxbbuk0kyB9yGel445amSziRsk+X6K+PLmIoV/e/Sc85GPd+jql57mIA/zoVV92RU6Gt3NatV2LTXwII4Pmsy82AkN55I+KvfDJfrZAbGJaXxOP6qJO4kj+3vidnu4iElHc6I2e7+CS2Pq47//1uaMOM7AfJPAJLQNumoTgMfq3TzCZ2+dtZDrDrB5IWhM+k+TVgPUFPO17Xdhofkug6XY11UcxGvkVhMqstZDmkO/j4rR6UXUNe2+QR9EgEyFkc3iJuQ1vs6/J5QDwk15u1c1o1cQZ8FUtax+kaeaE/KyCPZU9zR+cWx+VQIybGNeKy1jnBu8uAAk7dzmt3O2qrHDk/dLblzGL94IH4dYJc6APEnj+qnf1azD2Bzzk4w9pkS9s/uu/wANX/1CtfspvF1pNg/MktE+T3e5ysvwMPYWClrB+8ByPj9JWI8tKXz7NafMgXwD6oKepY9rQ6q0adpRxksIkvBPcflWBm44pvfVU0AAAk+ZCrzY3Xe4EcQTypP9FyIBjMai/Voxj4oASJQOmnpele6l7SQ4HwHn4LncqwnJfE6GGn4f+ZKVeVfW7c1+ruSYPzTbXR+arXI8pPBOUpEHThjR+1rc7zkM8IxiCKPFK/8AmofUyYmdfHukiRr9HVJaDQf/2f/tE0RQaG90b3Nob3AgMy4wADhCSU0EJQAAAAAAEAAAAAAAAAAAAAAAAAAAAAA4QklNA+0AAAAAABAAYAAAAAEAAQBgAAAAAQABOEJJTQQmAAAAAAAOAAAAAAAAAAAAAD+AAAA4QklNBA0AAAAAAAQAAAAeOEJJTQQZAAAAAAAEAAAAHjhCSU0D8wAAAAAACQAAAAAAAAAAAQA4QklNBAoAAAAAAAEAADhCSU0nEAAAAAAACgABAAAAAAAAAAE4QklNA/UAAAAAAEgAL2ZmAAEAbGZmAAYAAAAAAAEAL2ZmAAEAoZmaAAYAAAAAAAEAMgAAAAEAWgAAAAYAAAAAAAEANQAAAAEALQAAAAYAAAAAAAE4QklNA/gAAAAAAHAAAP////////////////////////////8D6AAAAAD/////////////////////////////A+gAAAAA/////////////////////////////wPoAAAAAP////////////////////////////8D6AAAOEJJTQQIAAAAAAAQAAAAAQAAAkAAAAJAAAAAADhCSU0EHgAAAAAABAAAAAA4QklNBBoAAAAAAz8AAAAGAAAAAAAAAAAAAAHgAAABeQAAAAUASgBhAGMAawBBAAAAAQAAAAAAAAAAAAAAAAAAAAAAAAABAAAAAAAAAAAAAAF5AAAB4AAAAAAAAAAAAAAAAAAAAAABAAAAAAAAAAAAAAAAAAAAAAAAABAAAAABAAAAAAAAbnVsbAAAAAIAAAAGYm91bmRzT2JqYwAAAAEAAAAAAABSY3QxAAAABAAAAABUb3AgbG9uZwAAAAAAAAAATGVmdGxvbmcAAAAAAAAAAEJ0b21sb25nAAAB4AAAAABSZ2h0bG9uZwAAAXkAAAAGc2xpY2VzVmxMcwAAAAFPYmpjAAAAAQAAAAAABXNsaWNlAAAAEgAAAAdzbGljZUlEbG9uZwAAAAAAAAAHZ3JvdXBJRGxvbmcAAAAAAAAABm9yaWdpbmVudW0AAAAMRVNsaWNlT3JpZ2luAAAADWF1dG9HZW5lcmF0ZWQAAAAAVHlwZWVudW0AAAAKRVNsaWNlVHlwZQAAAABJbWcgAAAABmJvdW5kc09iamMAAAABAAAAAAAAUmN0MQAAAAQAAAAAVG9wIGxvbmcAAAAAAAAAAExlZnRsb25nAAAAAAAAAABCdG9tbG9uZwAAAeAAAAAAUmdodGxvbmcAAAF5AAAAA3VybFRFWFQAAAABAAAAAAAAbnVsbFRFWFQAAAABAAAAAAAATXNnZVRFWFQAAAABAAAAAAAGYWx0VGFnVEVYVAAAAAEAAAAAAA5jZWxsVGV4dElzSFRNTGJvb2wBAAAACGNlbGxUZXh0VEVYVAAAAAEAAAAAAAlob3J6QWxpZ25lbnVtAAAAD0VTbGljZUhvcnpBbGlnbgAAAAdkZWZhdWx0AAAACXZlcnRBbGlnbmVudW0AAAAPRVNsaWNlVmVydEFsaWduAAAAB2RlZmF1bHQAAAALYmdDb2xvclR5cGVlbnVtAAAAEUVTbGljZUJHQ29sb3JUeXBlAAAAAE5vbmUAAAAJdG9wT3V0c2V0bG9uZwAAAAAAAAAKbGVmdE91dHNldGxvbmcAAAAAAAAADGJvdHRvbU91dHNldGxvbmcAAAAAAAAAC3JpZ2h0T3V0c2V0bG9uZwAAAAAAOEJJTQQRAAAAAAABAQA4QklNBBQAAAAAAAQAAAABOEJJTQQMAAAAAA2gAAAAAQAAAGUAAACAAAABMAAAmAAAAA2EABgAAf/Y/+AAEEpGSUYAAQIBAEgASAAA/+0ADEFkb2JlX0NNAAL/7gAOQWRvYmUAZIAAAAAB/9sAhAAMCAgICQgMCQkMEQsKCxEVDwwMDxUYExMVExMYEQwMDAwMDBEMDAwMDAwMDAwMDAwMDAwMDAwMDAwMDAwMDAwMAQ0LCw0ODRAODhAUDg4OFBQODg4OFBEMDAwMDBERDAwMDAwMEQwMDAwMDAwMDAwMDAwMDAwMDAwMDAwMDAwMDAz/wAARCACAAGUDASIAAhEBAxEB/90ABAAH/8QBPwAAAQUBAQEBAQEAAAAAAAAAAwABAgQFBgcICQoLAQABBQEBAQEBAQAAAAAAAAABAAIDBAUGBwgJCgsQAAEEAQMCBAIFBwYIBQMMMwEAAhEDBCESMQVBUWETInGBMgYUkaGxQiMkFVLBYjM0coLRQwclklPw4fFjczUWorKDJkSTVGRFwqN0NhfSVeJl8rOEw9N14/NGJ5SkhbSVxNTk9KW1xdXl9VZmdoaWprbG1ub2N0dXZ3eHl6e3x9fn9xEAAgIBAgQEAwQFBgcHBgU1AQACEQMhMRIEQVFhcSITBTKBkRShsUIjwVLR8DMkYuFygpJDUxVjczTxJQYWorKDByY1wtJEk1SjF2RFVTZ0ZeLys4TD03Xj80aUpIW0lcTU5PSltcXV5fVWZnaGlqa2xtbm9ic3R1dnd4eXp7fH/9oADAMBAAIRAxEAPwDBw+n03Z/qZRFbKpLmdj4BT6hlHLtOz20V6Vt4/tFGstxrMf2uHrQA5vdVyxupIWrhjvI9CQB2aWWWgA6iyWqK3awo+n4q16TeyRqBOg+5TsLTNTPztB3UHUjQATOquPp53HQan4BY5yXZdmp9PGBADCef5T3Qos+eOGNy1J+WLLiwyyGhoOpTt2v+iQ7WCQeITtZucxjXNNlh2hocJB8Hfuo9dbH7mPDXBkAs8G/4Pvs2qpnta1rmw+m6uDu+iHQCa5+j7/as0fEspltGu1H8+JunkcYjub7pCHsc4Hlhh0HupNuuAlj3D5omERmYwL9wcwTqNHOAh3vICKaAO2hWjgzDNDiAqjRHi0s2M45Vd9QfBE3qGazi1yOzree3l0/EIZpbKi7HHZTMdtz/AJw5W2IbPikqH2fySS1VZf/Q5aqhwyDa13aIKuTp5oNbWgd57KwyvQHdBWrilQ8zbSnG1AgjlIT5aqT2EDSD5oUODuFMJMZCLqNnp4F7iYO3aD5uOz/vyyum4Fl9YIEgnRnYfGVq5dFd+LZVZ+cJafBw+gf85A6ecnDrrDag4FoJkncXxL2taxln0Vl/E5HjiO0f2yb/ACEAYkn97/vW8Pq11HMa11b6WMA27Z2kgkOM/S/PbvVfqH1U6lh2VCDk1tgjYZH8lv7y6Po/UqbWFr2WY9tQLnssEwP3mub9JWLevdJdLftBc5kbzseA3zc7YG7Vke5kBoC66U7HsYTEEmr6k/8AfPL4TbmgseA016anUTqPb9Fv9lFJBmW6KeXdS/qN4qBdIYS9urCxzd9Zn+U76KGS7sfvW58KB9qciK4pf9y4nxGhkEQb4QfzVtYm9Jp4SkzAEp50mFotJh6QlJSkfJJG0P8A/9Hng9kByNXa08gAKoA1oMFPD+YlvaFrANGy3S9p9u5Qh8STwq5sawTBE/enFriNDuanRK0pC9/H3FaHRjXVTbdcT6bDMAS4kD81ZgsLT7uBqreJc2zp78Uj9JvFjHj6QEfSb/m/pGLN+Kj+bPU2Jf3R/wCjOn8KlUp301H94/8Aorf6de/LzcnNlrQGCqthcJa09v66vN6fhvsdf6bfVYQXuiLA4jy2+z/oI3T2dMbi+pbXazK49OoV2AjxFl7a7P8Arb3KrkWfYy7IveNxZtFbdCdS6qr+W6v/AEqyKMpiMBqfTGMevg7NxjAyyCuG5SlMaf3nN6nXVRYG1BrXXn1HtaOA0ejS3+Sza1z2MVIkxBEphY97nF+hJJJ+Kclw4II7LpuWxezijjuyNz/WLzHM5feyyyVV7DsAsNswND3UgNI4lR9QRLhtKb2k+1x0U9sDLaISQ9Y8phJJT//S51zHDtz3UD6rdYlqtscSYJ2wpHZJ3RPZawaNNItrf7nS1Erwrrf5lh28hx9oPwJ+krtGK97t3pgjQtDuIP5y0m02jXv3B0Ij93+SocmetI0fFmhgvWVjwcTO6Rlsbva8HHDWzHJdp6jbHO/N3/ze38xWcPp2YHMsq2+owyN3B8WuWzulkOG5hEGR97XtTsZ6YmuB38f/ADJZvMwyzPEDxeEv+5dHlpYYemQ4f60f+6XovynMj7D6bgPpl7S3T4e5zVg9duf9vDLCXFrB7uASdXbP6v0F0AZkuc7Y5oY7X0yXAbvj6f0VVuxm2VtqyQy+yS6wx7d7j7/S3e9jPzGJvIwnize5OFCjX+Eyc/khlwiEJ8R4gfCovONeYO3VOHggbtD2haGV0mprv1ZxadT6buIH7r/pf56zrmOrP6RpAkDceJI3N9w/eatqGWMhofo4k8co7j69F3D+VMdkxNkewhsIe4F3ePEJxPYp9rEvrWbe0pIW93GkJJWp/9PI9F7tQYKHZVsIaTJPPzQ2Z9rdLAC3xARd32lzSzl2jQdOOy0skiI+bVxgGXk6uK0Bong6FXmA7SCJez8QqmC9l1cnR30bWdw7/wAyVoks1PLO/izx/rMVMtyLBmjntBkCHtPix/0f8x7fTRWgQhOLG5dLRobDbWR4aMyP+rb6jP8AjUcSHQdCgNUs2uI07eCrNaD7vGSPvViY+QQ2D2NEcNb96QU1HMl1zyPos0/1+SY0VuHoPY17bX1tLXCRFbJsf/ZVo17hYOdxa37v96G6PUYQ02PduDGDuJ9+v5u/az3/AJlXqI3SCLcDN6e7GvdWB7ZJrI1lv5v9pqqOx3Hgre6xSazU8u32SfWI43P9/wDZb+5/wazSWk6axytDFLigCWhljwzIDR9EzEj4pK/tqngJJ9LH/9TIPodwEMVte/bUY7t7f6uUBY9jj7A5vik10uBb7HHUAfctHL8v1a2L5vo6+M573Bx/Q5QEFx+hYB+/H/nbFose2xu142PbwDqNR/0q3qjRDqwXkDznv4/1lea6skQRp2+PKpns2w1TjOqzMcucS1m97Z50a2nX992wsr3f8GrrSHie47IOWSxtTm6xZtE8Q8Frpd/ZRaAAN0g7tDBkfehsUqJ0d4hp/InYJteP3GsHzguUnNG0juULEd6lLrh/h7HOH9Wdlf8A0GJXqlKAGs3ntLlWxq3Fzy5+wfRlp3PIH5u4+yln8ln+em6z1BmB0+y9zg17i2ukHvY/Rmn8mPU/sLJx8u59TQxxaAIaByAo55Yw1NnyXQxymaFfV0Oq1EY7YAaC/gAnsfpPd7rLNPc9ZJa1h1791O3Iyw1zXWF7HctdqAfzXf2VWeMvs0HzCvcnmjPGa6HbzanOYZY8gvaQ0KXdR4mfCEkDdfG3b7/FJWmq/wD/1efgD2tsaR8U5DmMLxtLo9v+1BDMVsuJLSpCynkCSNZ+C0p0YEH7e3i1IEiQIT4NznkGwl3hPYeS2gxvpzAXP4by0jcI04+K3a9z6oXPZgRLV6Hl5Ax02LWzbso1elRYQ8vYW/nQ5rt7XBrt279zb/NqvgWdQINr3PrZe536VjdtVL2d72bHfon/AOEZV+n/AEb/AEa7lZtwL97bayWvbqHf7EB9vUce919ZDHO2ucGAtBe3+bub9LZa381zfoKXFmrQniDDnwXZiKLZf1Hqgx3VPFb7X1lodBa5j3Nn3t+jupc73tRsbq+NVRTRYyyv02BpJbLZAj6TJTYd+LluAYz07zM0khpJP7m7+d/sq59jocIeC0wZJHimnm5xJBHXYrxycCAQda3DgZnUGdQzpyHGvDpJFNTmxukbLL7dP8I36DPzKv5abItwsbJY/CsZ9neNppYHE1kAS8/8Hb/58W27pNJMgfchnpeOOWpks4kbJPl+ivjy5iKFf3v0nPORj3fo6pee5iAP86FVfdkVOhrdzWrVdi018CCOD5rMvNgJDeeSPir3wyX62QGxiWl8Tj+qiTuJI/t74nZ7uIhJR3OiNnu/gktj6uO//9bmjDjOwHyTwCS0DbpqE4DH6t08wmdvnbWQ6w6weSFoTPpPk1YD1BTzte13YaH5LoOl2NdVHMRr5FYTKrLWQ5pDv4+K0elF1DXtvkEfRIBMhZHN4ibkNb7OvyeUA8JNebtXNaNXEGfBVLWsfpGnmhPysgj2VPc0fnFsflUCMmxjXistY5wbvLgAJO3c5rdztqqxw5P3S25cxi/eCB+HWCXOgDxJ4/qp39Wsw9gc85OMPaZEvbP7rv8ADV/9QrX7KbxdaTYPzJLRPk93ucrL8DD2FgpawfvAcj4/SViPLSl8+zWnzIF8A+qCnqWPa0OqtGnaUcZLCJLwT3H5VgZuOKb31VNAAAJPmQq82N13uBHEE8qT/RciAYzGov1aMY+KAEiUDpp6XpXupe0kOB8B5+C53KsJyXxOhhp+H/mSlXlX1u3Nfq7kmD80210fmq1yPKTwTlKRB04Y0fta3O85DPCMYgijxSv/AJqH1MmJnXx7pIka/R1SWg0H/9k4QklNBCEAAAAAAFUAAAABAQAAAA8AQQBkAG8AYgBlACAAUABoAG8AdABvAHMAaABvAHAAAAATAEEAZABvAGIAZQAgAFAAaABvAHQAbwBzAGgAbwBwACAANwAuADAAAAABADhCSU0EBgAAAAAABwAEAAAAAQEA/+ESSGh0dHA6Ly9ucy5hZG9iZS5jb20veGFwLzEuMC8APD94cGFja2V0IGJlZ2luPSfvu78nIGlkPSdXNU0wTXBDZWhpSHpyZVN6TlRjemtjOWQnPz4KPD9hZG9iZS14YXAtZmlsdGVycyBlc2M9IkNSIj8+Cjx4OnhhcG1ldGEgeG1sbnM6eD0nYWRvYmU6bnM6bWV0YS8nIHg6eGFwdGs9J1hNUCB0b29sa2l0IDIuOC4yLTMzLCBmcmFtZXdvcmsgMS41Jz4KPHJkZjpSREYgeG1sbnM6cmRmPSdodHRwOi8vd3d3LnczLm9yZy8xOTk5LzAyLzIyLXJkZi1zeW50YXgtbnMjJyB4bWxuczppWD0naHR0cDovL25zLmFkb2JlLmNvbS9pWC8xLjAvJz4KCiA8cmRmOkRlc2NyaXB0aW9uIGFib3V0PSd1dWlkOmI1YzU0NmM1LTU5OGEtMTFkYi1iYzJkLWYyNDM4ZWVkYTdkOScKICB4bWxuczp4YXBNTT0naHR0cDovL25zLmFkb2JlLmNvbS94YXAvMS4wL21tLyc+CiAgPHhhcE1NOkRvY3VtZW50SUQ+YWRvYmU6ZG9jaWQ6cGhvdG9zaG9wOmI1YzU0NmMzLTU5OGEtMTFkYi1iYzJkLWYyNDM4ZWVkYTdkOTwveGFwTU06RG9jdW1lbnRJRD4KIDwvcmRmOkRlc2NyaXB0aW9uPgoKPC9yZGY6UkRGPgo8L3g6eGFwbWV0YT4KICAgICAgICAgICAgICAgICAgICAgICAgICAgICAgICAgICAgICAgICAgICAgICAgICAgICAgICAgICAgICAgICAgICAgICAgICAgICAgICAgICAgICAgICAgICAgICAgICAgIAogICAgICAgICAgICAgICAgICAgICAgICAgICAgICAgICAgICAgICAgICAgICAgICAgICAgICAgICAgICAgICAgICAgICAgICAgICAgICAgICAgICAgICAgICAgICAgICAgICAgCiAgICAgICAgICAgICAgICAgICAgICAgICAgICAgICAgICAgICAgICAgICAgICAgICAgICAgICAgICAgICAgICAgICAgICAgICAgICAgICAgICAgICAgICAgICAgICAgICAgICAKICAgICAgICAgICAgICAgICAgICAgICAgICAgICAgICAgICAgICAgICAgICAgICAgICAgICAgICAgICAgICAgICAgICAgICAgICAgICAgICAgICAgICAgICAgICAgICAgICAgIAogICAgICAgICAgICAgICAgICAgICAgICAgICAgICAgICAgICAgICAgICAgICAgICAgICAgICAgICAgICAgICAgICAgICAgICAgICAgICAgICAgICAgICAgICAgICAgICAgICAgCiAgICAgICAgICAgICAgICAgICAgICAgICAgICAgICAgICAgICAgICAgICAgICAgICAgICAgICAgICAgICAgICAgICAgICAgICAgICAgICAgICAgICAgICAgICAgICAgICAgICAKICAgICAgICAgICAgICAgICAgICAgICAgICAgICAgICAgICAgICAgICAgICAgICAgICAgICAgICAgICAgICAgICAgICAgICAgICAgICAgICAgICAgICAgICAgICAgICAgICAgIAogICAgICAgICAgICAgICAgICAgICAgICAgICAgICAgICAgICAgICAgICAgICAgICAgICAgICAgICAgICAgICAgICAgICAgICAgICAgICAgICAgICAgICAgICAgICAgICAgICAgCiAgICAgICAgICAgICAgICAgICAgICAgICAgICAgICAgICAgICAgICAgICAgICAgICAgICAgICAgICAgICAgICAgICAgICAgICAgICAgICAgICAgICAgICAgICAgICAgICAgICAKICAgICAgICAgICAgICAgICAgICAgICAgICAgICAgICAgICAgICAgICAgICAgICAgICAgICAgICAgICAgICAgICAgICAgICAgICAgICAgICAgICAgICAgICAgICAgICAgICAgIAogICAgICAgICAgICAgICAgICAgICAgICAgICAgICAgICAgICAgICAgICAgICAgICAgICAgICAgICAgICAgICAgICAgICAgICAgICAgICAgICAgICAgICAgICAgICAgICAgICAgCiAgICAgICAgICAgICAgICAgICAgICAgICAgICAgICAgICAgICAgICAgICAgICAgICAgICAgICAgICAgICAgICAgICAgICAgICAgICAgICAgICAgICAgICAgICAgICAgICAgICAKICAgICAgICAgICAgICAgICAgICAgICAgICAgICAgICAgICAgICAgICAgICAgICAgICAgICAgICAgICAgICAgICAgICAgICAgICAgICAgICAgICAgICAgICAgICAgICAgICAgIAogICAgICAgICAgICAgICAgICAgICAgICAgICAgICAgICAgICAgICAgICAgICAgICAgICAgICAgICAgICAgICAgICAgICAgICAgICAgICAgICAgICAgICAgICAgICAgICAgICAgCiAgICAgICAgICAgICAgICAgICAgICAgICAgICAgICAgICAgICAgICAgICAgICAgICAgICAgICAgICAgICAgICAgICAgICAgICAgICAgICAgICAgICAgICAgICAgICAgICAgICAKICAgICAgICAgICAgICAgICAgICAgICAgICAgICAgICAgICAgICAgICAgICAgICAgICAgICAgICAgICAgICAgICAgICAgICAgICAgICAgICAgICAgICAgICAgICAgICAgICAgIAogICAgICAgICAgICAgICAgICAgICAgICAgICAgICAgICAgICAgICAgICAgICAgICAgICAgICAgICAgICAgICAgICAgICAgICAgICAgICAgICAgICAgICAgICAgICAgICAgICAgCiAgICAgICAgICAgICAgICAgICAgICAgICAgICAgICAgICAgICAgICAgICAgICAgICAgICAgICAgICAgICAgICAgICAgICAgICAgICAgICAgICAgICAgICAgICAgICAgICAgICAKICAgICAgICAgICAgICAgICAgICAgICAgICAgICAgICAgICAgICAgICAgICAgICAgICAgICAgICAgICAgICAgICAgICAgICAgICAgICAgICAgICAgICAgICAgICAgICAgICAgIAogICAgICAgICAgICAgICAgICAgICAgICAgICAgICAgICAgICAgICAgICAgICAgICAgICAgICAgICAgICAgICAgICAgICAgICAgICAgICAgICAgICAgICAgICAgICAgICAgICAgCiAgICAgICAgICAgICAgICAgICAgICAgICAgICAgICAgICAgICAgICAgICAgICAgICAgICAgICAgICAgICAgICAgICAgICAgICAgICAgICAgICAgICAgICAgICAgICAgICAgICAKICAgICAgICAgICAgICAgICAgICAgICAgICAgICAgICAgICAgICAgICAgICAgICAgICAgICAgICAgICAgICAgICAgICAgICAgICAgICAgICAgICAgICAgICAgICAgICAgICAgIAogICAgICAgICAgICAgICAgICAgICAgICAgICAgICAgICAgICAgICAgICAgICAgICAgICAgICAgICAgICAgICAgICAgICAgICAgICAgICAgICAgICAgICAgICAgICAgICAgICAgCiAgICAgICAgICAgICAgICAgICAgICAgICAgICAgICAgICAgICAgICAgICAgICAgICAgICAgICAgICAgICAgICAgICAgICAgICAgICAgICAgICAgICAgICAgICAgICAgICAgICAKICAgICAgICAgICAgICAgICAgICAgICAgICAgICAgICAgICAgICAgICAgICAgICAgICAgICAgICAgICAgICAgICAgICAgICAgICAgICAgICAgICAgICAgICAgICAgICAgICAgIAogICAgICAgICAgICAgICAgICAgICAgICAgICAgICAgICAgICAgICAgICAgICAgICAgICAgICAgICAgICAgICAgICAgICAgICAgICAgICAgICAgICAgICAgICAgICAgICAgICAgCiAgICAgICAgICAgICAgICAgICAgICAgICAgICAgICAgICAgICAgICAgICAgICAgICAgICAgICAgICAgICAgICAgICAgICAgICAgICAgICAgICAgICAgICAgICAgICAgICAgICAKICAgICAgICAgICAgICAgICAgICAgICAgICAgICAgICAgICAgICAgICAgICAgICAgICAgICAgICAgICAgICAgICAgICAgICAgICAgICAgICAgICAgICAgICAgICAgICAgICAgIAogICAgICAgICAgICAgICAgICAgICAgICAgICAgICAgICAgICAgICAgICAgICAgICAgICAgICAgICAgICAgICAgICAgICAgICAgICAgICAgICAgICAgICAgICAgICAgICAgICAgCiAgICAgICAgICAgICAgICAgICAgICAgICAgICAgICAgICAgICAgICAgICAgICAgICAgICAgICAgICAgICAgICAgICAgICAgICAgICAgICAgICAgICAgICAgICAgICAgICAgICAKICAgICAgICAgICAgICAgICAgICAgICAgICAgICAgICAgICAgICAgICAgICAgICAgICAgICAgICAgICAgICAgICAgICAgICAgICAgICAgICAgICAgICAgICAgICAgICAgICAgIAogICAgICAgICAgICAgICAgICAgICAgICAgICAgICAgICAgICAgICAgICAgICAgICAgICAgICAgICAgICAgICAgICAgICAgICAgICAgICAgICAgICAgICAgICAgICAgICAgICAgCiAgICAgICAgICAgICAgICAgICAgICAgICAgICAgICAgICAgICAgICAgICAgICAgICAgICAgICAgICAgICAgICAgICAgICAgICAgICAgICAgICAgICAgICAgICAgICAgICAgICAKICAgICAgICAgICAgICAgICAgICAgICAgICAgICAgICAgICAgICAgICAgICAgICAgICAgICAgICAgICAgICAgICAgICAgICAgICAgICAgICAgICAgICAgICAgICAgICAgICAgIAogICAgICAgICAgICAgICAgICAgICAgICAgICAgICAgICAgICAgICAgICAgICAgICAgICAgICAgICAgICAgICAgICAgICAgICAgICAgICAgICAgICAgICAgICAgICAgICAgICAgCiAgICAgICAgICAgICAgICAgICAgICAgICAgICAgICAgICAgICAgICAgICAgICAgICAgICAgICAgICAgICAgICAgICAgICAgICAgICAgICAgICAgICAgICAgICAgICAgICAgICAKICAgICAgICAgICAgICAgICAgICAgICAgICAgICAgICAgICAgICAgICAgICAgICAgICAgICAgICAgICAgICAgICAgICAgICAgICAgICAgICAgICAgICAgICAgICAgICAgICAgIAogICAgICAgICAgICAgICAgICAgICAgICAgICAgICAgICAgICAgICAgICAgICAgICAgICAgICAgICAgICAgICAgICAgICAgICAgICAgICAgICAgICAgICAgICAgICAgICAgICAgCiAgICAgICAgICAgICAgICAgICAgICAgICAgICAgICAgICAgICAgICAgICAgICAgICAgICAgICAgICAgICAgICAgICAgICAgICAgICAgICAgICAgICAgICAgICAgICAgICAgICAKICAgICAgICAgICAgICAgICAgICAgICAgICAgICAgICAgICAgICAgICAgICAgICAgICAgICAgICAgICAgICAgICAgICAgICAgICAgICAgICAgICAgICAgICAgICAgICAgICAgIAogICAgICAgICAgICAgICAgICAgICAgICAgICAgICAgICAgICAgICAgICAgICAgICAgICAgICAgCjw/eHBhY2tldCBlbmQ9J3cnPz7/2wBDAAMCAgICAgMCAgIDAwMDBAYEBAQEBAgGBgUGCQgKCgkICQkKDA8MCgsOCwkJDRENDg8QEBEQCgwSExIQEw8QEBD/2wBDAQMDAwQDBAgEBAgQCwkLEBAQEBAQEBAQEBAQEBAQEBAQEBAQEBAQEBAQEBAQEBAQEBAQEBAQEBAQEBAQEBAQEBD/wAARCAHgAXkDAREAAhEBAxEB/8QAHAAAAgMBAQEBAAAAAAAAAAAAAwQCBQYABwgB/8QAVRAAAQMCBAMEBQYKBwMKBwEAAgADBAUSBhMiMhQjQgczUmIBFUNTchEkcYKSohYhMVFhY3OywvAINEGDwdLiJZGxFzVEgZOjs9HT8iZFVJShw+Ph/8QAHAEAAgMBAQEBAAAAAAAAAAAAAAMCBAUGAQcI/8QAOxEBAAICAgAFAQUGBAUEAwAAAAIDBBMFEgYUIiMzMhEVJELwASVDRFLRBzQ1UxYhYmPiMVGBsaLS4f/aAAwDAQACEQMRAD8A+aatR7LjPVpX0jBxnJ5Nrz+vN2kQD+4n5lBFEg6C3IJ4bf3EjBt1pZnuPoTsvwS46LNRlM/cVrJzkcPGeyOMsw29gN5fkWLP3Gz8byntExVFijwoWXueEFuYOMyMnJeTvPOSns8jC/4FvRi50uWYCuRkEcz6VAJMufAgDOPN26kAnmN+BARcbZXupPrBHKSu11aPWDiZRbGeOOsC7kfyAiqU7BohYC5D06Qy0zy8/wCt7+KRcho8vP8ArH4oFyGk7546Hxo8H+n0I9eQNrnI9oqXsJdYAuMueBH4JLrBHJcHoUZyxa3uqDnGfIleagj6K37qTZ232POsAdSZUnpg/brEjzN9hVdglzib3FvuObetR+FM6wS4hxH4UdYO4r0+BR6Wf1pfikhmei3/AEI6Wf1ofiRhnaRUqu/9aUpQNDVnA2napSqnZ+cn0GGa5KDa99xVNt6cZQOM4onDtP7ifE+PRYM42nDbdYhPssouPpAbv3EDssme0LbrD7CBvWkXtCb8YfYQN60i4+bMe+BTEZLSLjhvxh9xBkalhFxs2Y7w+4p70+6wHFzJ672fsI3juabxIyXWH2E3sh0NN16OXg+wjsOhwasyZex+wjen0D9YQ/J9hG8dHzXVq5xTxRwXHYd69fFm6hSW5Q3huSM7JPxqms7Mez2RVKkMo2eU2Sz6prMqH0xR6bHpsMQEMsG0Wx2LlEdbL9oGLm6XDIQPW4tDGoZmZe8DnTJFRmFKLUa6jGjrc9bLYjbp2Kz0Vy5M6lHuC5DqTAkLKAi824IoALY3FYgDEyID+8oweakRbvK+/wD42pu2b0ZxmPl3AB3fZ/8Awo95vZRLi2O/aPlUpW6/jRjHW4o9+zUPl3f8EvrD+hL1/wBaTMFyVtZ0iP5dq8tjCv44JxjP+Ik9TXGm77wIR2+kf/P5Fa1ejYRLv31g8GRjm2ALf9npLcShHulH2y7zjIDr1F5d3/FTvnCxLp6y7b0cuu0vCQbUirDps+RGVAMomwcGzVd9JW/71Xttxa/1+1KqrX8hdyQOZstH+f0KdGdCv8iMowsSzIplvy/D6bD0/wC/5Uecvs+SCcow/rRcFkiI91u0ESqnYWXEtWkP3v8AzUo3rHUQRHxpFtWwrul8nLszv3tynV/3ICyqCOYz6RtO/wD/ACpW1f8AQ8j0g65stp/z/vS9EP6HkrQ8vdr2/k1+najRR/QnH1/nSH0fJpJ60R+nUnTxsX+hCVcEhjiftvuF/wCarSjCuf0J9aRmYo6vnOrp0elP3zsQlVBFwSYEbjDV4UrVOwqVQOc5cpm9xOIcQO7uIcQOgzcxzdegdBm6s8Jb1HsO5huuSgLS8jsfHJ1nBxNKa9spdR2WEfG0prrNHUdlhFx9IDeZo7Jb1pF7RG+t7LR2G9aR+0JkyHnW/XU0tpz8PG/fNoG1h6lQ3IU6/wBk4uN1NrJ+s5DhtuuMgYBY4S57kJa21R8b2jB7MGBFG2wVWqt2Llq8xBiRmnQSMjy9K6XBiybZPC8RViRW5hSDO4F1uNja3NZmTsU+S2epaHxs+oQmUl6TcioBdyLpQ8gMzFQei9FUyQ24pXICTkXUoBFuKNymnER6LtQjMFuONyHgjkUrfF+gUAvc5aTV5iPV6Om7Sve2yEHsBHs7LENAiPSoRlrEo+tF6K8+2LQXtiO4RNRj3Fsdiveii0Vhbh+0rNUYWIy6VleFHM0BcX2dKo34yXWdgbwx2nCDWNv5fi+n0/8Akm9YfJXBOEYV+3YizFbdZKZoyBIhM77R/F6fk/L8noSJcxRj+3/ygs1cfPI+MnUIdwidJmMuWuZb2dmCLf6fls/GuJzPHFGHP24d3R4fhW7I/wCgxTaXI4PiJTzLxZtpHFudER9PT8np+T03LIt/xBuyPc0/Y14+CaP4kw6XS2WsvjZ5zDbEiNptrKfL6A9Pp9P5PzpGJ44zf5iBtvg7C/hzar8B4sqn+soc+30C0JH6HDHln+Wz0+FdLjeNoWMOXhef8Ng2XmzmFFvO5t0hISAt3ou+Vb/H85i8xD8PP7WDnYOVh/5iDXRcDjKgw5ozM7jHLRyztER0/l+VQlkzrytf/ofjY2yGxV16hR6NOchBJzDbK309Sfh23ZENln/0z7rIVkW4vMEA2kO4gtH/AIq9GqfTZ3K+T3BHIJfW/MJ//wCqcaoZEyoTp/iFyEWtx/VTO2v2605VwRGRq8SXL3ENQxaxRKXl3qOX9KAHY4gIuN2IDkByA5ASznPeIAgvObL0BIXkBLjHPEgCNzNQ60ATj3PGaA90rFJbqUPTpNsdC5fs6TJ+tn4cNwXBuDLNtc9yFTao+NrI9YcgNjajjMPZNG+9n8QYglVQsgTOxtd7h8f6HOX5LNuM2rQrtZkqnDtTZEfG4iSXoKAiRakPIGMzSg9xZZqZIbmkkAEiUA4hICUJRn3Oo6d/cRLWV9936EyMfR7iMpIk2Xxfo+soyiKvbmjvuvR12Q1jsRmC4JEH2R+sm20bCI36wbnH3M10zK3apdT5Ww6LJvMtyr7erwl+REatc/cQsth09si4y468V5mNpflv1F/1/iRL/bRj/uKmViKl0lzKlGEi4huFsNQj9Po+VYvJ81i8XD8RP/4aGHx93Ke3XD0s/iDEhVd5uFQQySeL8doXGQ+j8y4fk/Gc9Gvj3VYPhqHfZkI0vDdUpzwzHYZkLeoohH6b/wAfV6Q+X5V8+37Juvjx82gjyHGIIz2ob0eO47b6XdIgRD+P8fy6vR/1Ktb9exeq9v2yMiuUmK362lWE/c426bLvpK0PTb8npAP7fx/i/P6CUPfs+MqXtzDlVSc1Bg1GkUE3swRH05YBm2/2H6PT6dXyj6PxfmJSjRs+SaMvb9xWzsbVx2rFHol8eRIf4dxiRoAvl/FeBl0eRWKsXXD3EZ5P8MKoTsS5bsqZTuM9DcnJGSyV77Xo9H5/l9Ho1j8v4/zplEYY84WY8/s/aVb7kNdkHp/Z3iannQbKpkygbaF5k459QkPpt9Po9Hdn+JdD5zKyMrzFk2V5Wiv264M/iiLOfqBVTkyuOfK0WT9BE3+L5fx+j8v4l9E4jxHhZEIY/wCdyfK8LdjznkflSpdFeaZKVNZNvTcHoW9vhZ8bntHmPbKzHBEbGnvp9Ksy0dPbI9tW25rm/V+ZI9FZvyGm6a8BXlYIiN3xJ/XWV3MCyJDeJ3Ci2PmBBFyKlvQ3IqAHw+lAdk+lADJnSgOy/pQA3BcQEbP0oDrbUB1tyA5AcgPp6CLZR2f1i4eiWuDrr47JumUdsXM8A0LK3+tqxq9Crq0dsG/Oug4yLHzGVcFu4vAuqjFzFriZbMVZeA8E2gOchtl0JMQVKDqT4AHg3AXgEyHPzICVzPWyhBwxRIRPpLahNF6GTQiZ7UIF3CHzkSAlzg2/ZSZRn3Oo6d/cRectuzQC5M/J7iMpFcwbtd9vlS5d7BR7c9heY4TpXWW27fQnytKgGyLmYOjSP9nl/tSJHxEclDHKzaIlpAfpUu3l/j+oRlsY3FnaIzHkFRqDptuF+TZqEvC2uH5/xPOu+ePh/U6XjOBhZDZkMrFcjyniM9zzuvqIiXzS+V+RPZZ9TtKqoY8Ndf0thh2HFppN1SKYNncXMeZIbfkL8XoD8np9H0rNv9z22rjRX0yVIrMy10DedlO5gymTEmr7d3p9Po9Hy3KrGMF6fcZml1YKW41KmG9mP3C6IabvRb6PRf8AJq9Hyf2oj7fxlR9x0PCcMXJE8OGZIiEmZI25Gb/aXpNz0ekfx/aU5ZPoT8t6ytFe9VznmGqb84LvjE9JF6C3ej9Khf3reVdAcRUrPnR8QuxglcOV3ojMtWkI+n8V/wCj0/nU6p7Iay5Va/cea1qRViFyZAmWjUiEnmI/y2kP6f8ActWuMGZbKfyK/DtQlUl5k4vLESIZAFpuL8voUrZFRlrm9gos5x3LmnnOSiazrRO8SH0Ds+lRqthXPYtS72QXzNagnBJjgzZmuNWtXNAQiPp/F8v5fQus4zxLrn+Igw87iJ2Q/DsyMMnatIgSgC+KRD6cvbd6PT8npX1LDvhmQ2f+75tk1Tx567PqMeoR3gatyjrmriPRSEbAA7RtH0kX6EnXD+h7KMP4YceOLWmy0bkyA7mChl4FHq8LlF8iOoDyfIjqHZPkR1AZR9OxHUI8L/aQI6hEovkUwDwv6UBEovkQHcLYKAX4dzwIDsnyID6Swu83Kgxz8q4++jXB01VuybXcLHkR7etcnGPvuhtl6GRxIzlNkflXY8Yw8xh29xfQusjFzFozf+Kk8S+ugJOZYdetJiEd6fAOJnSvAVIWxQA22byQgMLemy/SgBjmNddw/wBqbGr/AHHttsMf5Esxm7VGAvN+K1IjbTZ+dLtBEXI+ZojWl/YW5HWdnxo91e9T27ivO3w3dRKculf+YRjFEYbYa7P5/wB6hHpZ+dKPf+hEoLPV/j/h6FOVX/WjLvX+RGU5TaXHKZPPJaH6okquZmUcX/mD6KJ5E9dbyfGXaEzKFyLTbILTmnMv5pf9XSuF5zxVDIhOvHdji8DTj9LLGNp9PclPDIBkyH+077SXAQdC22H44wG3HQo4E0P6m8hHxpErVyjDnY0zNSGPFuajcK0Wr0A5su/P41myalaUEahMkCMVl6D7T0+kTIwcH0dQelKn7ix61wzKxRRp1kqMzKpM4fnD15FcH5j9Hp3JWqCFEp2LiHS4rTMiUcyYznNkPysm2Wnwm05pc+BVpRXvjUbbkKmi4NLejOPNlxD0a/KkNj+zI7lajZ+2z9n2qco6z0HEFPq0NyLMhg3KbIi9LgyPRq+X0fi9Nno9Pp9I/J9Cry9s35GFxJQYLUhk4eTS5kgtVwenmGX9i0aMlRtq2PO6xBci1CZFdjZL7ZZ14ncFvoEloR9xRtjreiYDxsy1QypEqiA4bdohIIzESH+38Xo/tSLaDa7fQ9CpNNZrMdu2GdpajZH5bL/T4HPT8vp9CZGiaUpLKdhOi3PVJhl6PK1OOi4ZWOF6er8i+qeH+QvrhDHsfOecwdc55CnbjstN2NM2j/P5/Su7q8r0+v8A+3KxlOz8iJNldlWadt3So94DvBEovjXk3ogtjl2tKfQOcZuHYjoCbjLdyOgdk+lHQCORdKOgB4NHQAuRUsFyi2ICLkVARykAPh9SA7J9P5zQHqlHq3qtkQztKxOVxtkGlg262oj4wi5d4PLircP1usovV9arHGslYa6zha/QxeQtZ9v/ABXS41Tn+yVtyk8SFtu1ADebt2oAYlqQBrP0oANraAIIt9CAkmxAJMualAB5SAJFi6VMCPM6UAm5F8CA4YvkQHmfa5VmweZpvGGy02Oc9o+wAAvm/i+/Y6/w9Vrg8n4Vue8Imy8yF2ZvvMlwUXSfnaSg5cVsopwAIHN5idlqXbes1LgZjNLnMvhMeELss3hDQQLMla0qpN9KZsii/AezIzmwCDb4+7VOqTR6K0ilQJAyIDzxRmy1ssnt+up2x2IdtbVR3pwRXmJ4MuU14cy8Q0X9Bn7v41nWxWKgWaLHJ4osiSbxuDrZLqRVbrMlUp6xDxBAJ6lz6P6yjt/1N6QHPY/Uge9XqJQUb5TeZ1iZK9eNjHgHFkPE2IeAvqez+NafWFinG+da8qlYqTtQp/EHk5L/ADmS2bFWhFKLL4sywxAMWLe94w6LDVyHtql/uF6LWpQEMCKzb7R4/CAKHRGMnrGG6tKyY50uSbLjmzXu/wDTQtxk9OZrE6qQfnAZcpkecy8zu/1rsfDWT63P819ChkR3ALWGWa+t1R2QfMsn25huRUwroTej2EgdHN/4IeibkAE0AMvyoAjYtoCWX9CAiTOpAR4e9ALuRUAFyL4U2IS4H9BoDshvxkgCTKp8zZG9YOTfsXYx1sy5iaVFkWg9ouXK5NrocRtqLWHp8cc09C3OFs9CjnRaBsnF0uNax6qhC3KRTh270Bxa0BFtlsEAYdqA7Lb3oAdraA4mXOkE2IdY4oAYR06wQHZ1uhTCO5ADcZb6UANwXLdCA+f+1auM1TEhcPkvAyTbd49RgvjfiG/ZN9C4qrXBl6OUd0ilEZt5haPGS5r8jVqj62iZKLaJynjym/CqfVcjErKmU2YLwRWZLYeMQDUlajWwwnMxA7F4A5OSbOxl5qwy+u2k31a2hh27GgmYZlVumyJ4yXoMpneYmD4EqcLVu2p2B8SVSHVhwriV4HGnuYzKENd/gP3nwKVsdgj7ZesYqchYglYSxAz6vB5/5s+ye07zbB4DXtWGRbma1hR+1RyfS51DrwANWpb7jZvD7f2d5otwZ1p1ZMLGbxNUoNUgsyhAL+Y4D1lhsfB9fWmVRmLejG4+rHHt0+UwdrrYttnb1WbFexYsq2QLdH9aVS9+Tl/Nm3nj8J9CL56kqo7G0wngOLPce9aQzZjti3rePoDrP/Iq0r0o0PSqbT8MwIfC0SAD3szeeesAjVOWSuRoX0FmVuNkGWmRyQMTv/zroPD2TrmyOTxvQ6ZSXGiu959RfaePzvQ+Y8nja5kxZb6wW8zQ3obaATKH5FPqSjw7gCjqEXIulQAfB/p9KAJw/hQAXGbEAHLcu3mgCZf0oAdt6AiQpsQll/QgOy/oQGfqUNzJ+quYvjrbOHFh50eUEq8fEuSz25GTbYblSBZEFtcV7bOzJNxFlOGOtdRK1hyPZn0q93R6utcJHcdXFtR3Sdy7kdyJiDoFeJOItKA5sm0ATNbQA2y1b0AYXkAuXlTewcCOwGbbvRfL8K9q+gOUWVFkPnZYyw44Z+HQqmdbr48zBjsm+T6hIkVmoSJR2ZTJdR9a+H8nL1volES8XmuWg89lOFlmfWXwKnKWuDQ6NRDZilHESZN7M2APSCpykvRqXlJjtwPnQwO732mqkpLUam0otQoc9xmLKZebkexPYf21nWxXqpLh6qUejPMv8ZpczGZIFsID86XHGMle8lxZMrFNq3FQHgviv5l7Ox8Og7Fp4tfoVpdDGJJX4URyGpM5bt2Yy94b9SMX6ypRVow5zUzii3uMNtvB4lHzCNfd0xmVAo4xS1ZL7lnwaCTIZMxbUz8xzNnCZGZAz3IWaBVqVqnVU9Aw3T3IEGRVKppzucyyW8vOapSk0aoryjtuVQhCe9bCcfzAAnrM81WksPRKbHpcOGMWlshDdc5ZmTp6lUkbFaR47k0bBvZkOZbYMlvLzgf/AIa0MOOy9Sl7dI0WZxsf5xMudZLJO4PAvuHB1ew+W8nb75dxtu4vZncuxg5lxMtl1pkZBEmUdgCTKOwByb0pB2T6UBFyLpQ86FXI7hbUDo4Y7lqB0c5FQOgPD6lJ6i5F1KxEA5LlyUHcO4gEZjN42LjMm9u0RUpUdt1zWCytGxo9llT6O40WgMtbWHRrZV8l9FbeAda3I1M5ZMt6RvT+yZjM0o7AMi0o7IOHLuR2ImcHhzFOSdbH2ICOS3+dAKkOpAc2LngQEgQBiZ0oANtqAM2Tlq9/lUPyM/2gVhul4Nq0rcbzGSyHnPlrI5q3Xx7U4iOyb5pqGTAgsxRO7M3+Y+s18WyZbJvoPXWNQYb0xwbbx8g/wKnky1waNEXpFLw3wUcZRAqMpNWNSwpsdt0SE2TczC2KnKSzGppIeG5FU5BAbcfwbFWttPxqNhyV2YyqiJa3nEqOc0/u/YH/AMiNWdiiMhl6z2IECbVmehVjxE3Rex3ETsrhRpTxezDQqtWd6zY8HNtoP9G+ucPxUyNktW6w3n5EurlYWL0eI1vPcTdmsqlk9HlQ3iO5ywLFpVZkLFO/D1vP4+HWWpT0qVGuBstDKsbWHqWEhlye8JygOxv6gKRvQwy9VIrYsU4Mk2yzAAd4pUnjUUmPOqjLwzzmQ6i2TbnOMzAvOHkVSZsWyjuPVKGzICYyzKbJu8x2Efj/AFZrZ4qOy+DNzvbpGmE5FlEBhlu3OPHcvv3FVew+RZ1vvl3pnFOE73eYWYtOMmS5uU50p/cJcR414EheQBLmzQgk2LaAi4y30Gm9Tgcnzo6h3C/pR1COTejqASj7lAlHJ8SsRAbjNpbEoB/i8CAqXnukV867OrklHZb6gTOhS0jst71q40lfKNDpWxtZ3VLM+hM2FdUSeRsHVFvM6k/aj1c25YvR1EbesTO46jNykdx1G4r6UsSBbJu7WgiURmybUzHETd2k0BJABLLuQERLcC9j7ae3ZB5z24VRmBhmPDAwzZz+gPgXHeKMzW6Hw9Rsm8NkEy7IETO5pkW2/iXyu13kpNtg2LlELT9jbrnMs9x5Fn3LVEXrVLprbscb9SoSblTXUehxTb5rN2X5FUku1VNJTaXFaIdF3kWda06KHp2F48FpsfmbP2FlW/W6HGqb6CMGQzrjXZnkVaTQ1LSKzFFzSyyJ/AkSibqaCO2zw9pgy4DiI+2jL3Hm/aFgWk1TOsjAJt5lnXvVyOTrU5Yex8/4k7D+DkFPjwwynhyz0bfOtWjk2HfxDOzOyeVFZKVFvcj269G1aHntinHB1s/UMOuU351AC0294F0n5DTarWVfRrWWFal63ZLioB8dFfbZO49ZAvLVaLSQx4AqhIgMsvZbGZY8FmsOj7CucfbsvZ+TH2S9Seiyo/cmJ3aLvAvvnC0bKHyTk5++q+HbNdO59ws2EgCEy4hMPOs3IAgvKASbeb8aaEc68l72DieR2Ajb1yOwEby0dg5wW1IFS/KgJONtkSEEMnzoDHNyl8yqk6uRyK8tGqJSwZkWErdCpYcbeuVyVpUYiftU3sj0DcJtHYdDjLN/gT42qwnDtmOhW4yDuHb/AJFT7BzjLfSjsA3P8VMSiDsQV1c484amgiOZcgGuYAkgAuPWDrQA864tiXNONXoeP9ukeoyplPlWHwUVjLA/E+ZrgPFVTrfDknlLL1rmaVjmYOgPOvn1rqe70bCbNkgjI9bha1nTbGNF7FRW7hEABZU21Q31Hbt3cxVpNuipoI+WDgyBDWqdrRqbTDrmktB7VlW/W1apNhT3nMwbdiXKLS7tJFbbtGQYWpXU2MloMhlrwOB0WpJJOoMtutkYX2LzUZtZuqRW5TNghmZfM2IlVrSj7ijmU2O7HILAbBzoTar1O+h5HiagwWnJUWQzlg5yfhWzjWuV5WjW8dor1SodWevPOBknGXjLf5FsRc9U3BTG8mPKHktVQXGXvK/0f5FZ4qr8UpZnwEczKbGLebgNjl6l+iuDl7D4tyvzItk3cttjCoD9LahMiQoDmxcVcJZf0Jodk+lTDsn0oDm27EAYcz+7QEXnHDTQXIkARsm0ICZn0oDJt09vyL5vGLqexyPDTYxHZYDFsVsl2XYSbEqRptu9Pgg5yPeSeBhjuCpdipGB0JsZIGBe0pu0uYbz1glam7S1e5KT00cywkAFx5u5QjIkRt7w6lZgRMQntK8NDccvQBBi3DeF6V/BR/mlbiygwapQXos8MwG+cHxrmfGMv3W6Xw9HZmvm2uUdyjYkJgr2wZ5mxfJqLfQ7i2rXN6Vg+l3xRnmzl5nMAFm9PW3I/Q31JrkWKRMFJZv8xqnLuvVWwbSl1iK6yORJuVOXdr1Rg21FbzREiMHDc3qpbKdjcqoprbqhstgyVn7O9Z1tUF6qP+201PjvAXyh9c1Ga5GK+bekZNmv6qpyNj7YlPZkSt9/L61OSz1GkN8Kz0WJUh1Iym80VHujG2danmDHAbADWvCLbZvL+1SG3wLMoDBl27LvWnhyYHJyeWx6DFlSJz/fHKFt4PMYcz/OtqMnHSkVZkZos0u+4G+deXSuv8J43nJuY8R2+hJ7Mu3r7zh0eTg+Q5PuTBc0XK2UjxDgIDhmaveKAc29egJCWlAEF7SgB5jfSpgf2YoD8bZb6kAZvLH9WgBufHmL2ADcZ60yMgDsR2Dsz0+BHYKdt5s1wHR0Zpl5sE/qDDkpvehBzeor02JUlpDi3CnwQWAxW+tPCWS3+dRjJNIYsdMiryii5Fbt0qcYkTIyGbRT4xLVrjLgdCZ2Tc4y5ajsC7zPQowJRbb+NXIyImYEVM1wigGmXmwSZfAhb/mkag23Ki8OWxx9ttcd4zl+63ZeEofvB4z2wUtv8Iqa+IBfKHJsH418gwbfQ+h8lVrmvpUWdFoox6bYLtuX50+qPrSq+hT03BOKpTnEMPPMg50EChK+CccOdbRN4L7Rmmx4Wqwxdb6B3qpK+CzGM6y44k7TsFSGX6kcl4Gy9zo+2iMoZBfa7He0dnP9IqK62MeqQwbzOW9b++sPO4qdnxun4zldb37CuKINUhsyorwONOeFZk3X4duxoGZTJFv0KnJoW0HI9SbAeHvCxxTkRvEkViknyOMZ+2CVIb2XrWLqTAtKRMZZC7xqUai7cyBf1xBqkMn4sxlwHOZpO9XI0FRzIWPL+1yVIaou87LlcxqHOcrJ4jScYcHnWAbxMjs+BbkaHHSkaodSbkVaQAB3bGZ8IGu68Hfh5uQ8US9C2LUvtfbzEHy6M9k0FJ4g9HcMdiAX4f7agBhG0UAFwnLdKAGLziAk3mKYSbzOgzQBm3nLUBIpHQgB5qTGQEzL+tP7gNxywr14HZn0oCn4fUuIjF0kpGG2fGrkSOyX6pV+oPRW3FY6hZRHMoUyMSjwyuXpDWnxAbcrUpAw3KQBG3GyJWoK3QN5m9MjIiUVe4NhbE+Uj+jih3pEiJRJvMuNOJcYnykX9psVyKnKImX9CkOomX9KB1c2LngRGrXQMonVOIahlZffc2uL8cf6e7TwdJlalh9zFDdHrco8k6WTjOoNy+QYz6Vk1LiGy3KeFiwLG+skZIxqltXKLiAINtL+a53LzyNUY362n5bYp2eyfGkqORnXpjzr2W3nM6AFKtyh93tBQexXHkomY8ipSeHcfYveeezwENd/I9pfo69GtKlyCFHFTyFXUMJyqJUJEWo00xNnLczsqy4D61OrM2HywfJvTuyUYsNt44t7jvWBGszkIt/iLXpWKG6wVJsgTHo8hwdGhZVGTrb2TRseJ4i/5QIsd6KNYMTe5jzz0ixblF+xy/IZk7Hl4s4qKocL+G1HbNwvbTj3rQ1bHPeixtIuH+0JqLxECZDqTluxmRngSrRvnYsdMqsuOPMVYSla6U9T3W++ZFkzYfT40QsMjnchX+ottiTEzeN+zGVXLMt1kcw2fOqdtXk562jOXnMXY8FodHq1UmPcGB3sydfwGti2Pk4bHJYMfOZWt6pMw+3h+Y9TrAzWeWZ+L2i+yeCaNfHvmviy3y/IBuMuDtXcVfC46r8RlObZcFevEszT1oAJPW7gQHE82gF3nL9iAi3HcJANDFbEUB1tiAI23egOKP1oBdxmwlMOy9SA5z/FAL5n0oCWTczeuU6t2SLg+RQKlILqT4xQ7LWOzeOlNjEdjAsqXVM4I6U2MQ7JbuUA62zagGGybuU4yKlEQntKf3LmqZUjVoRGRkoosyLy1pkS5pSJTJiiMSOxHl3aQVyA6mBy7dSiHZzYIAwvMmOzWo22eyXaDUGWzZErMwGybcXM+LKNnGOn8NS1zVdSkNtQygBsz8wF8Uxn1bJtJwScBxkxO34UZIxrXrmFWabKj2HYR++LWZLDv9t1HH+41lPw2yHziKbzKzOzo/LL6DR5Vw8Q89lqnelVVDHef9sWJG4cP1GFjhuC428Zb7PAtPj47GHyctih7GYsqZOelXnY2WXYn5nuJcZVre/Vh57JZCQANha22Fq5yVDrIsPi7D9LdkMvjk5TeXyXmr2CPzp+HeyOQqhkPNf+RODUq5IlUvgGc5996zgWX2BvAxs5nx/uLcjmOc+4Z5ANQ/o840wzHgysGzAZNljnA86Z55+P9Wm250LE6uFza/1+xssO0edWaKMDFbPzpvlmZAsy2U7GhVjXVqvFGD6HhzBdYYiwzZB6M+4YCe72i18b94Q8wzMyP3f+HZnsXwG4GBXsZT7GeKktvf3Aal7Tkefv8sRVg/d/4gGsVRus1aVPv759xwF+l/DVGvjH59563znIE3CbWnV8DDj+HynNt3qbxzjLeqxALvM+NABcZ8CAjl/SgCM6NaAI45egBt/4IA0crS2IAxFpQCb2WamERFASeZvEUADJ86AnFy1zHRtpEKOgREW7tilAGBebaT1eUhOMb+FR6m7DkeY3pG8EdRsNNvXjdosTSuyXLIUDsGWglCMUe4JEm9R3Bej3604SkqyZkNOKcSJJN5ilFFEcwy2GrUAJzBGxEpJl3CcS+wRGY4GxQ3+syi3XSMMy4SA1mcvRsgZwNvl7lTUNw3ftF8ZzsPy831vDv2QGZFxoht8Ko3y9C9hy9b1Ds5pr3JI1gZkdbrePq2TeyUmmuaeltc/ba7OigTEVQi0anvSpE9lkG2Oo1LFq2FZl75XxhXnK3WnjYPOzCy2QXQ0UOMzL9j1LsliyoEMTED94dqRnNzBqenTpjcxkQMzvWHGLclESksxZkfhZ7IPB5lTjE2+rYXlUOlwyLh2Tvb6GdCbFT0CU+LmkIk89ZdsI0a141Ij5REfR3fnR2U72XrGHWcZPDhSQZjHqguNycnfZZr/cW9jRhhz2Ma/G85DWx9cqkqHgV6LFjBFhOFwsYB6QDl2fcXVeBeP85ynmHK+P8zyfF+XeY7di/REX5zdzPGmgYXnEFdUnHrN5oHVzchskATR5EB1rYIQBcHyICI+dAEHLBAd03AgOLwIAZMqYc2zYKAI43pFAK5bnjQFSzMcBc+0+x4Zmkr0DsC5Ms2JUBKSPGJ6DhecO3wKb3osI4322GgdFky9ZoTOjw4LyOgBeebDWoxQBGU2ZCnxiDjbzbreheIdiMpm4tKnEqUnNxVKKY3Dt9Vl6tQBF7LBLkmVLalSkC7jbZbAy0qUfWhbHWG2y9cNyflfQfVHWHUGdTJL5z4sw4Y7rPCvIeYNRWWzeED5mYS+aWyfS8ap7dgmG3ksv2BYuf5C92vGVNRWsYRaHDIwPMJvYArKoq2Nq/J1vA8QYmqmLasXHyTyrtDN66PGw3J5mcr2aC3FqgvkFoOdas2y1qNUdj6AwLhOU7BjnFA2wIdFvUuezL3cYkWgnUeVFZeAw1srPqtXrXU2rRYUUo9Sjf33hBNlFCq3YtKW3FqRCcd7ODoSE7ZLqdTY8WGNtnx2IjbsSZ2U44ZbwsVuNGxTvUNHi8fiIoombINsONvPDvG/lozIzsxdjNov15Wt5722PQYEqDh6lnltM84w/zr7P/hzx/l8LzD41/iDmeczfLvM29fgX16L5OJl/Smhxf92gBuZdvWgItuW+NBQ1ziACUq1CAwvICW8UBHf/AHaAJl6UARtnxoDnP8VMBjqK1AEItKAXy/pQGL4qwt659dPR3r0BItqkEQQDwvaRUwI3KyiG1AEKqKEXncwzWLh1psR3DlTrxU3qLMi8kyAWDL23WiCI2c35EyIEF5HYCPPNo7BVvPXIQRHUgIkOpRiHZblysAGoM8ln4lwnjGj93us8NW7OQMUmO5Kq0WKHLzF8U268V9bqq2ZT3BlmRRKWNzJkHLbAxDXeucyb9k3cUR9DI1qYzNziCTc13a3KKtkGVK/XNg6hQZTrxHFBXvbU5Vf7Zdmn4iaLUy88034tYJUpQVpSue9dnuNJQUmDFBl69kcs9CyL4wdnxlrROVjEHFDfRwejub3id1/YWZog1b/cWkUYspwr4YOA4O8tijEmVTB02pPYGxkWHn3jKnSizoBl99lPgqyt1vXHKlHnwRkHvcHxqrVHWv6mZlPNxc4ui1zctCqOxk5Nutl6bjSh4Xjzp8+SDkp4nG8nrsW7RxGVykHK5PNYvH4s63iuKKhKxDVnqpI9sWgPCC/Q/hfj/J8RCux+fPEPJ+cytlapGK4JLoWMYHSgDCN3QCA5xlvrQA8hv8ymUI5FQFe9H1aEBJlnV5EA0O1BXRzbkcEDoiTzaDUm3mzQHE83boQAxe0oDs6/Qph2X5zQGHJlzM0rn1o1HzB3IB7ObttJSCCA/M5sRUw7M+hADJmQShEoQWXdP402IOMsvXDfqUzTjbdnQCZAOcecDyogiG5Kcu86ZEOZnOXb0vuDRSHDHejuC5PatCYg5uU2O+xAGbeZId6jEOHLu0mrABrBZUO8d92YuS8WS2ce6XwxH94HsNuZtapsq/vCy18GzKvwr7TRL8U+mKW3FmUUoE9nms5bweZclfH1u9w47IPnPtSoNUwRVixBRpjzlNefznmRDbr1rpsa30OezKPW0mGaTiKVnT6XGjVKK3G4q8d5B/nRbRNRxpNxQ61BgShgYmoMmmu25mplZltU3UY2VQ3FJZwznDKhVKBY5zNKo21TXqMXWupT2HzH/nuM5p2XpUaJrclKXA51gzGS+F4FO/2xGWxk+0Clwa5Sxjx3gZnMv5kZ4T1i+n4zIzonsB4okVmhi7PC11nMZeAekw5ahme2uYeTsNVh5sWyPotWjxUdjnuct1vA6hKbkVB6Ved7z7ji/UPh6jF+735j5qWV31gk5czoNbnXZi+2ypVeXhssBy7R35iAG495EARuQ4IoDuMbuQBhlNl+rUyhhJt0d6ADIZbMtCAXbbsQAXCcQkHzALrQA3nLxQiiLzg7zQBs7TvzEAHiLNJ3oAzLl5XCpgS9xAZ9yO2SwVoQWWwFAc4LaA/dKAQlDqLWiMQXZkOC5qTeoWDMzSog8MpsxQDAvIi8mG9KbEU+Miw+IbMt6IyTScG8dJpnYESJ5pR7oCNvWo6Aw3IbTAG882fQgBi9qR2BpmQ340dglUHm3Ytm7UuW8Sy14ut1nheQdJeynBEL72yzmT8Jr4VGjXfOx9W4+3W+iIOKvWOFafiWBvZy2ZgLE1O0w8z0MfXqlHqQvRT1B3n1DV/FKjk+svgHElc7Oc6LRqadYgTn2GWWc2w2Av1sptsCL+P9eyt9cdluPezntDxFOkVKCEGYy23EOFVGgB/Rv7zvPjBUbYqHIZF9cNdb0Wn9jvZX6nqZP0GA5IlE+4yZBtvPRaq1TMzOV5Syf2f/AKs7XuzTs5gehwmo0b5GYmSYfIGp49pmqeZDY2sPkuT6fZ/Z8t9pdEoVaq7OF8E085+rnVBk7AefA+5DL/fVyMtbpYU/b+z7f2v17s7i4Iw+yUiS9Mq3EtuMheel/wAAJVucZoWlBo/qGmjTgMHJLxZjx+c+YaVKUNOsq+M92xne1TEkeg0coAzPnUockPL4zXceAOB2XbHBeOOe8vRreElO1b1+ioPzsYZlX9aZEHh1JwScitnsNADejvAmldS7guXawQOoLjzjRbEDq4alYOtA6nmZzZ9agVARxxstiD0bby6FNMw3F5PnQC8plvyKBRUYrZdCAk5HsFTBV5u9ASi5gEgDXOICnJ5Yi04nkAuT2pADbLVvQDjcVuV0JsQ5ym6tifGILlDcHZYqwDFmQBICwb0DqRJ5MrMe5KVKRat4xwCRGSZxmoOJsZA42827uTIyQSJnSrkYgEWdSgDGTpQC5DYSX3Ajf+KO4BmPZVse/XdmGuC8Y5Ot3HhCgwLOkbf2gL5df/uPpVVWttuz/ETkVudh4u6qDDjnwmCzramngy9C0cbclQRfHVlllvJETKvrWmHYLjXzizOivcsw8KLbXV8H+Ih7j0zDr0WnEJR34FQjt8zhagHdH5D9ms+VrXjVRZPW2kPEk52mlTqXhVkeKHnB62eyPjsSVG/ip92DkYNlUluRGn12S8/VH2npLbMg3c4w2X/Apddi7DFnCH2tZhukxcPReKsDNeH7IKrkyOkr64WbKZnzwO9vMyWVn9dinKTJ4ixVFoMUpUowvc2Auq4Hg55l7lee56GHQ8PxBVpWI6g9Pnmd7mwPCC/R3h7w9910Pzxz3PfelyjlQ9WhbkHOJR49tutMiFtHKwdScDWcygOccvG5HYFXP8UdgTL9jmI7Aq9HzehHYJMxcot6T2VYGM7I60dj0WalqTuyPY16086Ow7BlIvLocUgYblaUAMnrxUwTIriQDUdm9AEyXPIgKMmehYi6jlIAbkXShAPJs8CAsI5Ngpg1xTYCrARLLPoVcFy0jsQC70psRQiqZExs9KAVIs1ADZ4gC0bEBYRXnLlMLTO0p0ZAMZDdyVH3DpVQrMDKbtT4xIlGBeU4kRvuzEbYwrDJ6PFjlKlHlg3vSL74YfyNDD4/zihgznJ7j0ouXnFoDwr474jzvMXvp/h/G8vQ1EHMlRRC/W3sNYeZPZQ6Hj5a7xmZUiK4MoTt1aw8KrajZW+XeoYNci1Rt6KftOcALPyZNzBh5xsqPRXItzEfZ+6syVreo7r7hbHLH4Gdp32KtKLR81NYMw4IW2RnvqmaR2Xar1xHZbAmeFjZPnsR2FszTzjbTIypWxvoVXJ9yaMbdcHnOMsVOQI8qVoI2x1+XyLpuI4yeY4nl+ThhzeB1jEk6syilT3sw+gOgV+kOB8OU8PD9f3fnjnvFF/MT/X9iYzGzFasvkYMY64IlKv8CfGQGZJWAYJ7SgBk850mgDNynLbUJSki9IcuQV2DbkN9QIDuIbutdBAcT0cxSeyJOQ8yjsCNziAMOZdrNANNsueNOB4XmxLWgCDw5qQ6olFbMtBoHUZluxTSMZf0oDNvZdyxFsYXG7UAF7Lt3oQJvNuEW9ARFywdSiEnJjYWgmg4zIbdTOgMOZZijoCciLcOVZcjoiq3qS5dejoEWaW9cjoDzdPcBHQOcZcAtiJgFwXEiUgi2y5crVRNtU15R8P1SqCRwIZuNM73i0AP11mZmdraeHxk7Gbxdiak4cqHqu8KhKtzDZZPb8aoy8UU1w/X9lyrhZ5E2TqVYqVbcF99nJjt7GRXD81y88ybseK4Xy8FpRW7I4kuVvjsdVVHW1VLecFZ8Zfw2rGj0bFs4zezcAfH5l5G3YRbV5hcYPr3qapMmRnZ3dijbRsaGHf5N9AYby6jbKgTAcac3guclF2dGTBuIMVzJ1GF/Wq0rWh6DXDt8KRxQB53wCkdjY0a1e2TzTIyJ9jIM9COytfLWxOIMSOTZHAU28jc6/Cr1WN6GDfmet5n2rTODpMelsPa3n8w/Mvqn+HOHDIm+ZeP8mePB5HvJfYL6ru74tffTXN2X9Ct3/g4H3x8xB2X9CXAg5HLk+dMjIGCkNgOrvEdgDnN3I7AZuQ2rCEknBcd1CgiUi5NuAq/YdypE5d1o7DuGLniO1R7muLLLYjuBG3G+pMBjLbMdCA4nsod6j2BGRUmwKw0dglFrDd2k1LsauItSbLRejsBnJVvWndkA+O9HnR2BVxmwlkn9AyKwUDoXIr9Km9TyB8aAUeZb6UFK95lzoQEo71m9Bqyi1Js9GhAPNymz61Z7opZcc0dwYFltStkki823bpS4yCvJm8lEqUvLg5PSW9edDKo+cOM02Q7cIwzcPoZ61n25nl16jj/AFvUIPZ7KqnZ/UsJSJ8mjypw5jLzO9g+i/yLjOTl5x1uDRreAx+yWdhqqFS65DeZmtl3xHfn+cD9ouHz4+UdVg1ecmvpmD3GqfxGTot0LMqztjpczj9cCNDpLhx9nUi+SjVQ1UGjuGOgFWja1aqF9Dw247p2moSt1rNWGjIwTOB7PEDE/B4kuWdrFuCYpeNsQYPkcLPhnyy3pUpbBjZ0+PbiL26MujrjPMnb0qnLGaP35PIXUHtssZEQB5s1G3Bgsx5qdjixRiDFZEEVk2Y7m8yRVRAq3JnYuKPQ24sN6UXMPu70dvwpuj8VseH9r1U4rEwx/csL7v4Fw9fH7Hwrx1k7OQ1vPXJTmZpXcSfPqjTb16fULUsv6F4iI3mASA4nk0E3JHMQDkd7xpcAsheb/Zq5GRUkbmzLYoh2S2WqxALky2BWWJIBcjtoCOXYKJCILbki4rEuZrnMwx170woqUfNFAL+r3AJL6BYR9OgzR0BptxwiVoOtc8BoC+cFsy2LJaXUu9T23R2IHUm5TXA6DUy+juF+hA6I8HpQV0RKm8tA6K96l2ESHpPg3Gi0IBxltwU1E0284CAlxjgJUZHdHNvSpT2QAXGlXy1josGcH4mlWlFgPPA57nWqdmTrW44fnG4w7gOLS2c/EGqQ9/0dmw3y+vsbWRbyutuYfGeXaCLhuLFmDKagA20zsATM32POBuLIlmeYa1FDWQ84BGQXOBzY8O/66oylrWZe2lWKDAxDDGLUWc4G+5PrYPyGqedh+cgfh5nk73nOKsNuUimvRZ4fsXuglw+di+Tm7+Od5yhk6LQ28kUiNuw+qhtKbSWwISMAVO+1q1UNRBo8W4XxC020i21p0VNRDorMoRMw7tZ1q3KgrXsF0eojkSoYWOdadjZKpbx8MhTx+yuktFYUNmY10aNYoyc7WVHjIY7RUvszw7FITGiM39FwLOlmTsWaOMhWvCoceG3sAQ8CuUd7DZUQrJ1Jxtqn2BywtT7ZayIvlftUg1KLiqRKlMmLUrLcZe6CCxfo7w1b5fhYPzL4ols5qbGlmXb10cpOVqGbecBNqFphuY4nInGXtOxAGLLdFNALjLe5ARHQSUHFMcFe9ypJMzHCUuwWDciwUdgGUhsyUg5t5skAu822exEhFwi340uZqI/lTChm8sB2IAZZZo6gFtlu4UdQaZywTgJmfSgNE3lhbeGhZLSMN8PagI2xblEJcHFd2ggIvU9todIJpfQm4zcgdAyp9+4E/oWD6pj+BGpLujwLYfAjUO4ZR9WkFD4x12GKTh+VWZjMWLGN4/KCp5NsK17G49vqThvD+Hh+dMs1KV1sj3An5z9ouWyc6dbp8bDXUeZKlM2CYMtdbLIWAqEl84223F0mHeKpILSO42bOs1MLSDHZa19405vSpHQOOMtteCzwCii1GUSdSpsWsxXoE9nOjvcswLp+BIyaNhteVredlguVhSRYN8ym3aHhC82PIa47k+FnW7HheahjzXFPZbdHiBMHA8q5KVU8d3G+HIQaSG24HQlylBZq7tBSZGqwz0KnLpY0KpTrMVKPySITuBFUk7alXR68zFmcOR5aLY7CI362uKrRQbGRnXB5TVaNCzLJ2M7OrXrGQMcNje9W41EddipxVWItLpMiUZ2gyw48Z/AC1cOOy9kZWTPys67GVboMHEOCaTHrcbOB6nsPedgz1L7Fxluul8RyeMhZlTseV4o7GatAEp+HnjqEXvLPbiuqweT2fI5fM4/X8bDzKPUoRWyozzJ+YFtSjRkMGUr8cu3F86lRKZdtRhvMAValbN5VXAwMpu1Q2ljNkyQ60bQi422W1MTLk24CAC244PQhAbOuHrQAyet3pm1VjFzj1qNp8XNyLuvmJaYjhWDfegB8RYmgwMhu5AdmXkjslKQjYtn1o7FdjQi30JyKaAu7mw0GayWk7lkWhASyXtNiiDAuWCgJZzZjY6aOw6iNx7hR2HVJyPy02NqMolyZbtJW4yVJSIvC2Ddxnlg2oxtW5VHqLTePc4o7GYTZa3iWHnZOtsYONsab1xFFsaXS4z0eL3Z+/f8AjP8AgXOdZ1tmqKwj5JN2hGMQbUd8K16NpiK8405sDmdBKvJ6sm3m3W/8yqSCTPfDZy8xTC4hypEXS+lSOgtG5WmwuY198UatacY7EnGdW+7T0pkZFW0F7W7SIj192o3xhkFRlMjIoMV0inwDOO75Q0F8awb+DhY6HD56eGYivORWxCUzbl+2Z6lx3IcDOt3XGc9CwZuoRc64HtfmXOfd83S/ecF8zKbdb3gqc1/bsYuvQXBe4oTNs7lco9xmXxJw3qtKKw5h2KSMZNBHZjwo+eWo295o7HxveZ4uxI3jLEUfsyoZ50qoF88MT7iKB88z/c/vF1HFYv7bLvtch4j5eHTXW9Qqgti8zHALWmxywDyL6RKrXQ+aShOyexSvOSIrhFFey/GHQX1FZ7kxj/uFc5yaNr9HgPB+y3KPW+wm2VFbI4q7K4NRHisPZNPldbBdw/8AB7tb2HzmxjZnB63mNYwzXKHIyKpANn4thLo6s6FjnLcOdavKP5Psp+pWc2z4EagJbZ1pibhJAda2fQhAEh0oBdzdYvOiHVG29HQ2MQ3GeH/vF6ijbf1oCTbeU8mldhs5v8yB2S4ixL7pSEbmNo7kSkI3OUuxonHfpR2C6J5Z690SZK8h1oHReRWWzHegwwUVsxQCLkVHUdhmdGkEdR2EJ5vYZqzGL22WsnKlR2LiNLttQjV5gnFjuSnuPqOczCZ3mP8AB51j35jocbG1tIyy9NbG1nLjt8tlkdg/61h33tXusIsWRddYY6stRlaj0aCm8Q1bruPrBU5SO6rxuLBnt6mQbPxijucXlYZlQC4iAehz2JI7gPmNWkYHY3vBJSjFcR3GZUe0w1uIMgG4zIi6Q2INk4ZDgiQjY4Dm8CQVM4223KtED1+At6VseHGYsgbrLLrdhI2ANxvVc+yd7af1gV1c9T6a63ZIZAtXg1rOv4+FjSxszWCzR4rTJcLMks/CehUczg8Kz9ftaOH4jza/1+xw4PZn7qxPL7CqVeGsL9fb/dbt8S5v6+z+yUXs9ihrCtzx+wmf8OYX6+3+73/iXN/X2f2EqHZjHqUcosjE9YFpz3LwAf7iP+HML9fb/dXl4jzf19n9ieGezPBfZyUp3D1KebkTv65LkOm++/5L3Fp4OHrZV9+waoE2bwkZ6/3VrykztSpmN6tCg8dT2by1AgGHsvnMEFwKEnlVqrqUqPw5RX2WZDVutl4NCt0ZOtUzKNjA1bAtDn3SsPGcF3/6Z7Wx9tb2DyrFyeKZWrYdqlLIuPgG4375nWC3JchsZX3frULjzfgVhT6ESe1LzoXIRuUm9w4nl4Fe89qQEmZXSXoQDVzZICNraAkItn0IK6ucj3bUDqGLLg6LEDqG4zcgdS7bLguKA6mUDq2bkPaqrS6hjDsLegdVhHecaGxAOcRpQAXnrthppfcqUhxraaB3DbkOOloSpXrOHV5waDD9ZVAY5HcDZa7elYeZmOjqw/LtxUqbBlRYsUGQ5JZgLB2tO2C2pLLcVuzoubS0aqti8i8K05adjgXN/wA/cUNpvVYN0mLKG0LN3V416d0DGnuNaBDM9obJHr//AKIHQ5HeytGtxq7LMOtA6I1aPFuECPlPcsHv4DUDZRUotyKXM4cu6c8SCprxvLd+bmfdjoNBsisinuNa7EFTRZccK27lpWtPotIsh4C1gD3gRrHQxmR3WytP6hKrKqdaEY7C7zMV1zYbYePxb0+juRbU6LDjuuWBeOZ50bcVPVlVnItNeAbhePdlo8zi1vOuUsGY8oNjxkCtbcV7GOUcEbB1TPuI24p+rJUtalR7tJ3ZahtQgzsx5x0V72Ltt1l7r1NE1DbsLYgEagLmcVq8r9x5q1s7VpTjQEHtFG2p72BpMXk8UYB9tMqjreRlsVdUkSBrUeOJm2Dm8BPcr1V6tfQqcfYXghwr4Q8l17rZ0LVjyDPt4xn6x2VVIKGVbo0w5GSxnPMkGuzyK5HOZ1vHvP2XnFejaw+hi5w1bgOhfJcu5qYWYGHegDZOVtQHZ1nQgObevLQgGhebQEXJDfjQAeK/QgFyebAlAI8R5PQgPRC1COxVWgX2EgOzfP6FJBEpXnQASc8CsVVK6PMPYpWy1mQq2Oceba+axzCxzvj/AMi5nJzNjcxqNa2oOY0Wnlh0Asjs1+7aRc767ZKnNZX1PZbItHMPoUAtpDNjN4+LX5tf+tCwcgyOSJdfWgLQWWZojxGnToeHeK8msBuR82QUeVYzI5mSbOx8PGlSDiZbdZKBI2PD/Jgphn2cubnYfnn89i7D8QeNAWENzl2mHNZ5ZoB4SzR/k0AFxnUKAIGjTZloBzJbtvJSmEcnTpvc+ulSAzLdhXC8eW4lSiFgyThFyj1/B8aR0BhuVI6ng+CxT6HO+cOjvC/ygjoGRxI45HcGPfcbnMNWYkTKtjcI3JsC3Mst2kC9KMNjlCgEZ3dig1kag3xTggAa7kBeN0/KgiABrUIq7N1aLfiSKwPLC3qBW4yCwxtT+XFv9jl2KPZGMWmwrFsp+nmBblo7G9Xm+MOx+hypxSqXMOC69zMmy9i//wDWtzB5D0MLk8HZN5rWMK1LDlQKFUmcs7cwDHWBB4wWzg27JuczMbXBVuRdSvq4jbdvQgAuPOeBTAJE5q5aAG5/ioAHOcAUBHNSg4S0pkAiX5V6gHZ+lAepcwxGxVWgG5HcdEtCAGUNxrxqSBcocgy60AQaXIVqi0u10plyKP63uwWPyGTraGHVsLiy3nCABoXPxqbkmopbLY6/7xVb561yirY1kFlsRG/Uf8/50iZi0iuSBeGz9mYKAaRlnim/eZiFgmLbkWUV/wCRwtH8/XQGgp7zZllOhocHRcvJrBiZF4pvhyO0+8ZPrYPxpUgGzKcqVzD4A3NillvW+Px/AamGTxwy9AZj4tgBzaeXzm3qYQFxHei1SPHrMCwmnh12+f8Ak0BzLbgkUc/Zl9pAME4474EAw2y38RoCWXZ0G4ClMDDl3CXX3dnQlSCTeorPv/z8ab0AzJXWl7zelSiDDL1hDeCn1ed3cQ2dyOo7sviLm1oR8rd6hETSEU2BYzbLepevegZFpQOirqRN5f8AGh4z8EW5Uy2zqQGokM2iyFmhQQ6smTfFY4ZD3Yto7DquMaC2TzLFnU2odkYryit8LSbz5ZtijsdGLFuSHKpXiY7zLJPxvbgrdvMTd2yYbcKmwajHZ/qPLe+A10vC2etlc1jeh424y2XRlrqOjjyb0XwAjoC7jLly8AbkXxIBcobn7NQBNxlzwIAeS5dpBKAjbLl2zQmQDsmxeoI5KA9Wcj6tCzu7QMCzp94aYBODbMVMO4GzXeCAMMVu3X91Nol6Eb4+tQ1bLOpEO4WRywXM5Mtk3QUR9Cvb7zQqk1yLWUv2LFmi1VZSWYtVTxvEbwuNsf5/cSJmrYmecJtfd+NQC6pcrNZEwPvBUD6jVSh57PFDvbQbN1NecdbtIwvb5mpCEFwOXKj6z1oNip6kMqLbUo4ZkiLvD37HX9cFB4sCbiz4dxmD0WoMONn4CvQHn/ZzIeo1Wq2AJ/e0+TmMn4mD2GjsXU2kplxqQJnpzE2MjZOHWSi8MC3ZcgGNzIn12oDhzAKxAcLltpe8JQAnV5HP5/jQBG3nA1lp9p/P2wQHEThlvP6yAzM4v9vEBbLW9qjEvoey7yHwJo6CCN92hTMLvDpJAVdQzCb392oBV0VlvjC0Zh3IDTSGej+RQqsvR4/FY0efAO7y0A9iJviqoIHv7xBqyqEr1bhm4d9qAy/ZnT3KjUinn95ebVfFejTocWosvRyDMacHLsLqBXKLT78XY+e8ZYLewvMJ8edCeLLZPw+Q13HFZ3o1uA5XjPXsZcmdOlXqqvXsU7fo1huR3PAmFhts+MEAThbx2Al6gXKm+RGoOGktolEAyobYjYlSiCpM6tiYA8n0oD1AR/dWO0DkVnSJpkZAxl/SngMm27UBHJsEjBKlL0G/nY9x6/OlH7YnHFzUpetvfkDb75IkfFsqCy27FF8PtqnKSzFpKSTlon+z/jRM1oGWW3WbBDSoB0UfVsjI9k4Tf8CgfU0kF5stG0HEGzIyGXKXULrNDn7/APIIQgtorjYEJBteQbExKiuOjo3t7DLqUHjN4bLgqlOwy/y2v61Du8HWH1D/APEBAZPtE/8AhzG2F8ahpCUTlFmW/aYP99KjIub0KZluxxMU2JtRe24RtU3g1tlpmgGB3a78tASy3HbQ/u0AbLuLRZ/P+hQDuFbO4Pv/AM/XQHby92Hefz9sEBK1syHxoDL25telSBPuyUYveqyJtwRG/d4E0dRm9Baz6VN4CTbZiSAr5kXSVigCeHWf9qEB+zJAaCdlgPEHsQX0ZnDMe2qSpQh7yw/OgdBnGc2c8dlzbeW2h4q+0KY5FixaaG9xAXmFYvqTDvFEGWb3LAEqUXkfbaiKLnC32K3REze8/wARFHrMOsRTsIG2HHPhMFewb9d7Lzo7KHjbbLZal38pa6Nj5/H3LzDke61SN6Fyi2IHQu4y5cjsOgjY6dSOw6F3mdyC1e8zINLlEAjHc6gNS6hLhfoR1DaDXIvjWN0Xeywj1SOdusEdB2NNzGzUoxHZIXGz8afEdg5z2VT5BgfSlX/QfV9bIl3YgK5WPyOml9Bcd1oJchGLdYAkN86KdnM8SryWYyagY/CymbT0OJScYryns32+8/8AYg3qcKK26yQ362+heSka6kk4BDFkHabfLD7iV2MguHhbqkEmnbBNkddyHqto8rKeepcrlm2XJMkBfMyrh18t1noSgzeNmfVr1PxbA/8Alcltx633B6T/AM/92gK/tuovrns7qz8AA4iKLdQjfGweZ+5eoyeTWmCapHr2FafUvfMZn206oQWHMEre7Bz7qY9EbbsEh3IDh0FcCAYbc1eRtAGuu3bO8s/n6igHfUD4/J/N6AlnWDr9n/P+RAc3r82WgM/QxvmSpFnU45Z+4o9gsJA7i1+7/wA6ZGQc3tv7z4l6EC6tiAWkN8kjKzb0oCvwyz/tB4rEBcVIXLdR6G1CqIVNDFtqLOldbg/xotkEorPJE7Nbz6Ay9UZ/CjGRRw5jUF/LDwEgNdUHGznRaNF9HKgjru8ZqMZA1iavR8OYbkSpVg6clkOsjVuMgydJo878D50qQds2oMOfVVrDv95l5nwPISbbat9mvoNXuUOAs+cwLjZpj1LcgByGbtqAXb0XXoAnCtmKAG5S9W9ABcp9u4AQEeD9HhQGPKZKAutZHQ7ucj16UAijoO68h4ic03Gm9R3XUWsZvWmxiO5p6c26y8GjmCqt/wBC3V9alNcrH5HTS+gFyK5nXdCXI3osKLOcp04TVeQ7vZKe43WYbL7FiUuRORWcoiB07ctB0YrhnR+r8BpMngdUp/8A0pi+9vMSpSMgJS52bbIDvWeWYF1Jr0PEkNwRZqkUNbaAYhzG5UVmeNl7fLeBKBom4s9uRRpQA408OWYIANHhuSsN/g9PM3nWRcp7xl8GWBqMnk3n/YTMuwv6uM/+b5L8Gz9g8bf8CdUIPRJEewd4ctMehsvabCQHE8zsMEA4OsbgQHDmCQh3fgUAI45Y4Ia7O7v8iAGTjmwzu9ogCR8vJLWY+0/n6iApcKt7vaanEiMgamSLiyg5YOJsQYFts2x+FNBXqIPvoBeYLjUcrUBHDMexl6QZ5iAYqndvAN6ZGIJx2baWQbcx9tU75BzJXzo8XoZHOM/+8UewDw/Hi0OnyMQSrBBvMeMy8aOwL4XejutysVVR4Bj3OPG8WxEQp6WzK7Ta4OIJ4GzQYJfMGXvbn4zVmMg3kiPyRCzLBvYmxjrveW0ey+dcXUn1diSdFstDPzA+A19Bw7/ZfPcyj3ley50LQUDw7UAF56wUAiRakA8y5cKANmfSgAvN9aAXQGJcG7YCzzS7guAOxAdxTgaLF5teRiYZrDzQo2mRktKLVJE2UTHuxzFnXyXsGK4Im8ywfDmLnL/cdRVPWusOsx58gosiyxz99Iti8Bq1BegOENn6wDRVJ50abAeJOFkcBKeCxzxdKrLMXpzeW63nhyzbHM+4g05HzALxanEGQWDbbdxX+0SpGxUdQZepsrjI4fGCg8WUeQ3Kilfzmnh1+VAUNNecodcKAZg5HlbFMHq845Rm+PE7QZLWkTC6p7zZTOKj7Kgw28fxgib2TyXsRlWzsRRwPlN1ubZ/2xp9ZU3sxDmiWjpzA/8ADUuxiplMuNEVqbGQSLWXQvQJH1jZ7veCAcb28owUAG5madaAGOXaPgc3mSgBrbGSLabYuaEiQVuF2fmJGOnM5akHTO+6EA4y3y9Hh2JsQjk2JsARqhNg2Xs8zo8KiDFDZ4Wm7O8QC9Q7nV7RAGeZbapo6LcsXHDSpBX0vMdGdK95yw/dSQqcacRXpkHAFNMGY7Itzqq9fYDDAbGb/ZoCnFmR2lzhptLvZwlSy3j/ANPMPB5F5AuMXq0OPHhRWYoADbTY5YAIbU8+MlbiKQ3TYtx33ubFbot9CjbV63j/AGmR76lFlGGt6Nln9tdfwDmOcYkd622ClnN281ALk9mlZemouIXCQHC9Z8CAc4xvoQA3HnD8CAHmfSgKMaLIHeCz1jqI5R0DqXKguH0LzUJRJuUGQOy9GouUhqPDchvSDLlrHzpNnjFs4Vshkx9osmqOxtX+2ap8xyHMEgvSb4mwepQ+FxRSxI9Ltrf21TgtxiydYw/KpZDKY3t7wFLIbLBuKG5rYx5D2W63y/iQbFvopNu67w5e9CzA025cQ6w+BKkbEw4zms8OWz/2KDxn4/EUaocKYcpzl/uIBHGUNxqOM+OZuAzzAPwqYL4sxJHldltQret42Y2sB8fQkTC2wPIedw3SX5DwDI7wwv1jeCJvZPIf6P8AIclFUpRe2qUl77bxp9ZU30I29q/nxqEZGByGW3WxTYhVkzlFZZcCcDTO6/yoAwvWkXjbUAG844Q3/uoDhzDcIjsHL6FACPOOBTZBX68hxIkC+HWbKbv7v99SBOc5lPMx/eE42H7qAtHO7HZyxTYhzbdg3GmwCrqjLmkLw89yiFoLOVHZY6bdCAXkMtnboD6qAXxM83FpMiR3fIbZD66VIE2ZDNDw/HM2c51wuSz79+wLASQycenyMXlIpcWYfqhx/OrFUHQdSf8AcsfqEB6VT2YNLisxY8YI7TI5bLIhtXkE5RBqWIKbRmSlVKZlh0B1knkSky7LNYxhOGqSmTi09nmMslvsT4x1wRlLZNR9o0HjW5Vgf1UW3Gf410HB365sPmqNkHlZDftXXORKyhtQC4t3lvTUVlHZuFAc5F8CAGQoD8QH7Y2gLh6P4FnbV0FuL4kbQNwbfhXg1gvU9s0DWp6tD4VsrPaLKzmnhK+oZgMx3wDpWHFtJC9msifW2i2hCLWYVrzkBwWDPlOcswWfbFZi9QFmLVGdfMzB0WqJrI1rB8qA56ypd4+NlBsWiwripueyMWfezKb5dniQhG1vIspl0fCbnQhcjeci77SvbUIlQL1imtyo5GOo29hpdpsVPDcZlQ3qJVO6ezG7+tK6PGNwuUjDmMJ2AcQgZRZwuZJkGh9g0dADg2qORcVYuo3DPR4uHX33DN7e++bOZf8AAAWZahGL2r6GX/o/w3ItNu8rj329SfGSnX8j3wSvEtGWhbMbhENbeZ/oQC70W7RZoVgBst5WlAEc0W+PxqYdyzGz3aAH4df2f5+NQeQRqxZVFePrc5Z+VUrz0qHopbJ6L2+ZpXsAp645lVKnse8LL/zp5E2gFnls3n3ik9RFly0R8yAReZzagyBX8wkBbODeWi9vL8SAXbZzZXkbRKQUuNCcNmnwPaPP5n2ASpSDL4gpdWxRjAoBzHodBorDbOcO9989RgH3AS42vdTRPVjD+F4bISjZitM/1aMPSn6ytqpHEWJsV6cNQAitXa5sgP3ARrRlLY0lFwDBhOesak8dQm94bzx7TRsMqqMVzEFLpokwB5x9ACmUVehPKt9bz/ED0qLQahVJ4WnKHJZAt62uKq9bD5O30PMW9Nvyrt3FIuR23dyA5uC34EAQRcDoQHZLhimhHh3DFABehuCWhKRByXvzIC8F791U9S6lxDYI1BFuc2q/cbEs5sh1o7jYTrjLZRRK/Q2So5zTwlSLbbtsfzLDi2kpVFcivCccDJpG/YhFEorkdy8NTjaVKOxZi2WD8VZRcLKvbBv7qpGvSIsqPKEQIw92B+JBsVPWsF8UXH0u9l1vmaepDzUYoNecuGl1kDZlN8sDLqQ8bCHUnAcEJB6O8B4VKMToLhnLMetwEm02KtrlHvLimNJ+BePFLiLDsfFsEQ0M1anlnQ3x6T8HwGgKOtaodSxDwxx5VQpb7Mlkg1i+AZf+RQlF7V9Cn7Jab6uothb+7+4kSkp1/I9IztJdXj++nrZyO83cLSAYyW3dNneKwA3G/sIBcnN2vQphEXtKA5sry0KDyCNa0UchELjuy9KpXnmKXHcCGI9F32bF7AM3XizccU2B7RmNnH9dPIm2A9I9be+1K7PQxb0jff7RHYE6a247IKUjsFg23p1eJHYIizY3xA+0HLUpSDO1hxl3FQ5+mPS4mcZ+FKDz9nFGKsbyOIw5TXqfTXCzAkzNGeZ9YAvY1PdrVUHAdNiuDKrLx1Ka4W97WG9P2FanoEWPFisiRADOWOgLEbEqqlPVJFSrLgxYHJa60a1iUtaMfCsGAPFP842+Ydys0S9CrKPrYftOZ49tmUJ5YRSy7B8Brc4iXrYfNR9DzlxlvwLsHHgkzqQESzAHYgA5jY7kAwL0fxpoMNvRSQHPZJ90lIh5THkQCbczydKpLpd6RfdrQC+c4O1SNlJzlSeBBUpI+tnJTOvZcsjkl7io+gP0d8SxqGvV8jVUGZHdb4WV/wC5VZSaCwGi5R3HsStrzUHOwu264Uincl1tE3vVYYbrUqK56tqIG2oDq3kGY40yJAec141BagYqVDg1tniAsZkdBig2MlfSZkqmverqoBuB0GlbHrRQ5EiHbIHU1d9lGwLaLObdbH9Z4k2QdKg3vcVF5ZpUohj+1YcrB86pAB3vZbbwfGajaCeD8sKTFtDp/wAirwC8uc6ABMCTb2U59b+NAXFPkZrNnefyC8gDTmq0L1ciFfKZb1IBUict6EAZnW8N/s0SLg7EmqGyx7zmKnKS5FYQ/T/s8Q/adaIF2sTT3m6l2mVKUHdM5bIfUsTyoN8430WfrNKgZKJeU84I/WbcBBSVNZyo4+87xQT6mC9j8SB1c2No2GHdig3qxt2azWqiYZnHPuRQ+ALB/wA6CO4ceZBEWRY5nswAQ0L2MRVJcRZmVzQeBnS25svNNiLZHrnHSvdB57M6yNS9aHtjNstgOixs/wB5Gub3bBKUzIdbsEAs8ApvWfR53h3YHtEbkNUOwWfbt53wLV4W+dc2RzVULIPNW3LF2zhYxRcy0HwJvfL7JTRV7zziAGTzgj+RQBfiJAdaZAJNzng614HesZPnQEXG3OhUltJltwyQDTcVwuhSEpByqXIO7QhXV8qK5Fj5HWsfKdFxkfQ5t7ks+NwVjTW4/WsIMy1wT62yUbajY3vQoNWZmRWbDu0rPtiuRtWUePYN9/dpkzeo0imxZ+owC9tQHVKkuSKW5afOa5aghGTTMt3iMqLeJoP7niZj1SPw8oAbdStZxOHxUB4osgOV0I1hYPR+FLiI/MBNiDEWc41a+IaHN6dGIMViHFr2H50V3mA8w5tDrVK0PPcEl/s8Yp8s2SyzD7CrwDRC9eQnoTA7e55P9aAYw6LgkQWGvIBoHm27i95crkQXc16rNDaAVJm4iCwEAZmK2OuxKkXAnXHM20etsVTlJciYkTG6bSXpRhoZYfev+omwVrZMb2XsyJRSqo+Fxyn3Hk8qMnpWY4FxaL2+hQXpRJyCzXLPdl/GgqUTjbdo2NezUDXcu0kAvUnuCp8iReHJYzEJWxeR44qEiG9RcJQLydcYfqEkBPxnaF/30M+2S0gvRYTI8eeu3uWT1p3UWnmcSXlkU2Nbl9DIXmmRiKhixA3FH/aU9ln9s9r/AO7SJchCs+PHzsLuY+w/F1eu2fqx3jVSXOQrXI8HOwSL2jYddKz8JGWf2zRgrONysLIFZPFTrmeqEhnEFHlCxMjTmnGHL3mXgPIWrx+dDuyOQwZ9HjpPN2+dfQnCSiXJ5BJd7M6FMK95xu7WgOzmR2KAdlxzJMgHNw/BzF4HcG54PSgK96UyFqz1tzNQjg9rNAXDNSj2jaajA2UhPWUf8yeVKSvqDzLo6DC9Z99DTxcomQ2ss27G1i3y1tXrsDb4gCvFRtkKotZhmRIBwbtiz7WhVNvIpNyhu6/AoTC0FmOD2kwUAI2y2Q394kiLQUssrfeIeCxC5GRyQzHPnietv6iKB3LsvR3bRlBrT5juso7Om0DuBzelxQgi9HchuX7mnvup0ZGxc2TkAhJrY50eJIlJ485EnKNiqVALltPP5wB8d7iqSiF83MbtuPl5g/6V6DDZOO6AA2/H/PxggLiks2a7DEHC2fz8a8gFw3l6TTw7Lb026tSEweH0+8QBhZuErLPgUJJ9VPIbvkbO7JVpjqz/AGpVTgMMjAj75RZf1OtWqlWaw7OYLcWksl1uCi1YqaoisHZqS0IlYouA4Ug0HnM7TsXndMMdvWjuCNWzJuTAENDxa/gR8hU/bfN9Qx5KxRjqrVGlsmQPP8LDMd5MMcsPt70dFOUlszWo8O0ZT3HSru5Ze5DHxn7RZWdyvl2ng4M7JmHq9VJjORxPCte5jhkAuXt5DzjuMHiIWQJuMt269WYqC3GjWrXit+NTibG3WrZWd1h9RXMb6CpB02tVSjTBn02SbLrewxNa/H2etzHIUbFpiSvRZVUKVAsEHhbeMB6TMNf319i4WXofH+aq1zU7lYW1H5GNL6C/r63cjemXerEc+tG8E3J3WJo2oDRak5nawRtC6hyL+tOBzO/XICjqEWPb9VZ62o3o7gOaL0AxHclBv+wowEpDcU8nq4jbbzo7zR8idUtZ6KPL4c+87xc1yFTocO8Rtuy0b7QWf2aHRpKO820QmAZfnLelG92wo7MqVbIsNwO81bEqZ7UQ47jQjebLJ95pNQBwWWzZK943MvYkhaRclq0877QB40DsYb1M6JIWN+TyIoWBMtsyEzBlxPmBG2WwZ0gbJ29P1EuT2Agyr2SYdscDzaLkqUjYl7bLgLZ0eVHZ48v7QpFuNouR3mQxnGPxoC4gxXnSENwJIayHT3Bb95579386EBaN7bgsy15ADC9p5Qd5/wC5PAwjqHR3ZOJHdNzbLg6kdw5snLtPMTJLCnmaJhW6dWxVph5z2mTHKjiiDSwvsZHMs86tVKE3p2HY7cWnsh0W5aLVio5KFy2y/XblpaEURb1b/wBYg8ZtznXjpSk3OOObAPX0APjQHl/bpjxvAuA6hUgey6lVP9n0r9ufX9QLzXkCLXzXS6xwVNGjUY8lq3Lekdb/AP6YLIzs7Wu4eDsazDrzduy1czfHzjr6smn+G1kVlvJE1n6PLtOrvYJl6U5Z7k5TLhlp5inEiVSvei3lqT6PjFqrlR/DYSuYNvrZ8qNhdyLmjZ1r6X4V5DY+beLOM1l/VEhd/H3HzW32yMijvDqC9Q6vSLkGV1I6gRuC8HjTdSAgtuNI1BYR8wNV6cDmagO4qO7vVRbdkxXehADcjsgOlRiVIm83YSagJFFy5HbXQ91esrMrEoapHixQCzP5xr57yGT7zsaKvYXXMdesBNqq2JtRS+FhCJHqd83Si2h53a6HWHpVrUUHnAb5YWpEowrN7TsWxSHGivlPMxz/AFzwAq0smiteoxpuGvUkWSvrEa9vw3mqf3vCtoR4y+wwzWKSdtlVe/8AtzSv+I4Vm/cd9hpmuU0St9am2fmZNLq5ygr7jvPR6pFdKwKxDe8hHYtKvl6S5cZcshenNDxAMmQeNk7/APw1a7YrP/EmGaky7bHOy/zKG95rma4Vt3XFe+op2mweT48juQMXC+W94W3P/wBazLb51nwohY0EWvRYbLPEAF1vSpb3i0p+LKbKLRp8iN4XkWRFdG8Xj8n8/YRGRwgym2nvD7T+fvpgWDb15CGjd/pToyIjFxOONEKRatxkCJWkvU5SV8r+tEfmQV2eQ0+V6+7QpEoDzGm5P3AViUmfJ7ZHHKjsjZp5aVKSzRFJx6y470vubFzLjbolIstzNnwI7mpcsG8rd414IlSe5xZVl7fL+uo9yr3wR/Si7Tp3aF2hFT8Neh56g4SByKBs7CO/nH/AoQxJ8nDzCrffDDmBQapFlR2ZAmBNuDoXMWyn38u6PGyYZkHo2HZnJEQO1Z99DaqjCtsIb2kWLAVOMdbQqzJrYWdX7RV16MgyHdYC97mE3mb9l6jU8jFXyIt/RpWnVaVbFTvMuNPaFuYeZ5e9z3IYfmKV1DZbkR2ZWjmb19t4rJ+8KXxLkMb7vuScp7ZrRtky0XKXHNFUgXcodvQpRkCr1HTAr3qa41t5argHhZSArWXpQb1Q7rBxmV4zR3BzO0702JUi+57WmoGGxbSMj4DqJesmzBbGURWdWYuAvo2Xux7+hbN6G7w7xWaLUJmHpFNoLLMqvGbzrw5jMJnvy85+7BZXJ8hrbGDh7ASxtXJ9og8FPi26GY+j7+9xcnbnTdPh4MD1Py3bSO9w+u471j25M25HGhW00Ftu0RLSq1t82xVGhoIrLekxPMWfbKbSqlQsG2WzZ92baq9b6zddAbzMd24CZAvqJsb76y/J0F+H4W04DzzJ9BsmYK5XlZVahbg4thj8KMQRStKSzUPJIav++2tejn9bGt8ObP1//VhT+0CltPWVKM9Tzc9syeex/wDzXR4fiHzDl87gZ47z/wDpDYirFBqmF8a06Bx1BZYcbnvR9ei8LDWnbkwsYMaJ1tRQ6pgfEeH2ajAeZeB5jMvE9uhV3rz/ABY9KwfbVIE8HqddrAT1igNBgntObqNPKVkvFHZLW9Zo+2rEZPO7UQ+0ikzXGY4HnH5d6ZGQ7tpTcTUl3e9kn4C0KNUj1w4827a+ZhY8mzHZ2Y3dpPu969Sky+Nqx6modSqJmDeSxmIKlJ532Os8ZMKUerMH99TlIiiL25srLrLLEpckC9ytHW5y1BGLm8wLbA6UGiSJWU2RkF3g+NezEXmPat2iUnBtHGjFPy6lVGHNF+sQ8aqSkVe+Wez9yjwKlXosdkJQOSW8m0N1+8FpUcrDi4eXZWTx88y9pmexmVW5nEUuSFLB7mZPfhmLjOQzoY8/MO84jgZ10mqtgnEnZzKZYrklmRHe5YSWQstPwGCzKsnY0b+MnjnqbUvnggTyLT8bMhW20GZmt/xqtKJ9Ulg2OaRe0VOUmhUHw9pag0IWYxJzIfJK/Ym7SLYqGcytrGj5j3GVnS8v7YNPeyiKOR95zF9W8HZOv23ynxfjbPcPcY34l2tr5+MzMbPr0IqBrObMU2Mgj839qmxkCbzLbqOgL+rW/GjoGbcgueNZ/ZYLuMuD0ApBzb1qOxHQPNcTYyHQw3IcBFUfMIyl5cxHJsyLXrXOcrja3T8Vk7BJlU9UQZE/JB42RzgAuo1y+Zf6G5Gj1sS3IlTXHp8943pTxZzzxdS4nMlsm7Hio64LqCTwdFyozasZNhS3lWkuQa6luMmNh38zYqNsWnU0EGK3s6lnWxaFUls4OnZafQlnJFlgJfrELESLg5WlPgrTV8hxwC2J5ElbMzDuvTSLPjeb9pGIKwxhd7DlLn5LsqW28FwXgwxYbb4fX0f9mun423W4flcHZN5bQabWMIQyjwK3JbaezHDZ6E/zmxnR4qFZpmm1yuR3gkVgyBkcx5l53cHjAPIr1HuK19UK3oXZe3h1qsU1/G9E46kOPsQabSpFRehw33+jPMe8Dxho+NXsmtlV2PRMQdj7MCYzjUo2G6g7KkuPTKJSQehhGv2M3snywDe4YXpdE9ZsqtjyuLWKsbkqLAqrz0Pl5LxSM+0D2WG53mvRenx+gbfW3FD7UMXUuPws++cDOw1ixzNc295PZBrqf2zQTyRqIPMu+YE+PJqcsaah7eMeRaj2bveo3gedlPsNnkn0Xq5HJVJRmvP6P85v8GRN8+a9zDDrHYtC2WwqqOt645UmwEQs7xRqFqIzGyIb/Z9aV0WesBimMjrA+8RqM9DL48xtQ8EUGdiPEMkxh0sczJ633z2MglS9sm23zD4zmPYg7UK9KxbiUzvqD+YDPQwx0AsbMyV7Dwdj0jCeG4sOOyxTowMtt+EFj25jrMPB1zeyYVpLdzPTlrn8y/Y63DjrV/bpQZVZwXOj0uNnT22MxnzGGoE/jtdf7f8AmocvGdkHzjR8SSimDFnxnocpwdbLzVlq6DVCxycJTx3pVJqXJZDqcWNqXqJNhTXGz3gltqipaOMx7eUqkl6FWtXyMsGSBNrItmo5zbZ3aFp0Wsq/5GdkNuDcfu12Ph7J9bjvENXoU7lY1L7PvfFuutw16zrXm14eZxJ50uNoMN4ivHerkbwYi1i4h1qHcGPWTfjR3DiZi+MFlRksK95mLcrMQG3Fi+BLjJDq71fFu070+I6mGaS2SjVb5d7KrzAz1HjhrUrY+cMql5NUzorbrb0WQGY08OWuJ5fj9cHUYPIbJsOIuNXRT3sllr59fV63e4NvoXEEtQqnJqxk1lNK0RVSSzGTVUl5y0VRtatUmupb2m9UbYtCpoIu0b7BDzKmtucbsG0/aIWIquUXgO5PgrTV8pxu0rk8iStecbdZIU+pC/23nuLoLMqqMg+GjvFeqt1ufvko8VRYsVlmO1Gyw8afVFRvomjhFnDMV6nz57M+oZwyWXokewDvAORYuowHIZ1U1t2oUGm03s/Zi1Kfi2nx2yjeu2YeS/TbDvcjc/fna+YtCUtijKrWuMO1jEDuF8C4N7WqljBnsyqFU1yp1MyIsmLoJi9/fZfeH2ErUZVa9M7UMM4Bpfbl2U07CkOmzKTyGXqIPPY4K/Xn5njDrVSq/ZB7113KPtCoeGWsfYgHDVHCDRWag43AiiGXksh0Ljsy33H0HjqtlH/Nl6pDimQmUZnlojJclGDPysNsyGSF3Js9yPSrcclWljQdTfwgw45dS5OS03zLFao5LYyb+M1tE52qYui2mQATdvx/XVz7wVI4K2g9tkgCH1jGCzr5SZHOU5cZNpI/a1h+YTxlJBkGRzAuPcr0cxTlgzfO/aVjypdpGJmTkHk0Onv5kNkj3P8AW8fn935FTyso/GxlpQ5kWK2NtjmX95Y0vcdRje22lJr0ULbLG3HFRyamrVkvQKTXoLTIgBhmuLKlRsatV64beps8R4iqs3ub7jSJ0Tx1mrOhkPM/6SFJodNh4drLBsi64+4zez1BYtXDlNz/ACcoVvO8O4ii3cUT2vu2QWhbUyqJPSKXWouTxD8wFn2tyjJ1l6p2hUeLsmA8bnLBlk7zUqqNhVvJqtvFVUqj14wwZa8ZHrTZUFRydi4i5jrJOyNR+VQjH0Gy+tXzmbM4QDu1ucLL1sXmq/Qw8iLIN57k9S+64cdj4XmR1k3Ib3gNXLalOou4zKaLWl6njhecu1rzqFpFledNBrjW/fIBEsSPAW9Y9UtawH+EEgiG5PlaDTOIHEwGm6w4XQpxiFpHrDYil9Ak9XGyR0BH1hmyBDoSMmjZQvYN+ubO1SK5FrBezae5i+Tcjje++jcVk+g9DZ5g+DvFhyi6iMmggblTlFZi1UNzae7Tl6VWm0K2yo5Zo2npVOTRqaBt64bx9ms9oRkJIecO3X9pBvZQynsp67vMvoT4FSkqZkrSRGauRipykzcquR4pXmZiFyZVQo32kZgxZ8xl89jg5gWps1aMdjVTsHx6jQStgA864OjOVarMStwWDw7ScM4XqVQlYyjVhySzGzKazSzBjPf6M83O7APIGtdHh5mxzGdh63smG+z/ALG+3PAnDyqueG8UUVj1g9Cejm/TZei3X51q0XzrYFsfOI52IMW02g9kFUw8zUnZz7FJN6Y08/FsDrBhuzX/AOmrcuTmXHGhjozOyVzsgGVXO0aZVXqva+zSmao9z5LDB6AAGzPJY85ml22+XoSqonkXMfDenTxGVPvveLMMy9uZrhrbddz6bg1ewJMpfFTNAd2OwepR2mxqdBoLbTJDkg465vPrS5WmRqKysOvXX2a3B+ypRkXKoq5hvTbZrc5abG8rUqXsM8UWkMzVsT43kSoIysNuZd5Bo7uyxN3qcsZVyMJtuskeTl5fRYnby/KESwq40IkxsT43kSw3fg3KaGy94fAkQS8jrdwNYivEQz5Pu96fEaEXmcQBcQVKTY5v1pQ0F6hR5VUJn1pJelZfMAHjvtQNAY4TjhtA03sjGg4OF80bRzrPjNHYyNQkPDcqK5dHA2z8ajK0uqhrKTHcj23BblqnKTQrqaiG3yyIg6tCq/kX/wA6rrAtiJWfszWjw/1snmo7IKtumtus3aF+g+Il+735/wCXj+8AXqO35FodvwqnH/NKmVSWdV4AibxWlSWz2JEohEab4lMP31YgFnqO4W1U7aNawT9SyGrUiNQMM094dasxiFoyy3bsT4xAnBsuikdAMNHc8aOgS9WuAJKMZbKUox9ZPEjbZjH96yOWvmvK/O73hfoLxycy7wPQ3ywXISdjVNoILjmWJ++2KrKLUqaiG82DYkAZaz5tGtpKTK0id+vu7FTk0amoFy8RVboZGQcp5wrreZlo6Hxkz8h7cZnoT4xRlJTyMyVv2KzGKrJmatFclCWhWqpbFK+KnpNQ9V1AePM+Hb2HvtT5UKe169hXE0WriOfJZIG+YDInoFYuTh62njZOxV9q2EXKpBGt0YM73zN+uxWcGTO5CpjabjJmqYFZwHVKC82FLqT70aqRWjz3wfDuXzZ6A3610dudByd/GTw3o1axt2Q4owa9S8KYehw6s8ww8B0vElWffYs3mbDwAH2EVZMLGZ5aeQ0lNcqWKsJ0el1KiZMeljmPVOc8b79SfstC83NdgBobDYC5/leVnXPW7vgeKhZDYHIobMqoMiNljOwLNBLKvs9Gx1VFGuetTt0t5qoPXGF7xZhnZ0eBQlaVGpZNw23c6UQcxvLbA0nafqBKG5xRGIaWR0B51Z2o6jDdBzWLsnQ3vNK3lSqJt0dtqVw9gcz+TTd40Ealh/Ncjhk6O8T948sRLDdpPWM94KfG8jWqywu8A32aHEyN5UqnN0fTaTPd7ERyUHOUW6PeUYHNSbHJeaAYuHWXS7nM8ijvK0JSsJxTbGwDvZLeSN40I/grYWkO76FHzKUqHDhtwB1hb/kR5kuVRhujtgRfCpbTdA3qexviBDXdsR3P1CNsttN22WgpUfQq2/Wo6oWRd47locf7c1bOjsgq3HuFGz3a+/cR/p78/c1H94Fyqza0e34VkfzRN6QyZKUXgYsxzLRvT4xAxMtpXQIcO34wR0D9IYvkWftWxG48UutG0DOU2LbvBHcFSix2iR3DmyZAkjaDDkqKI7wbT43gm5MbdkDHA/1irZ2T6DKMZl8QSM2cPgXBZ1Wybs+Pt8ujHJwB4e9cjbVrdfx9uyDRQ3rskei3LBZ02rjfW1FPe0jrP4FTjFp1SaamuahtPWql8V6pporzhj521VmsxMOC3l6T0eNLmuQV8qG26NpB3mxMgWryp/k7tXI2lKeRS+T7sHEVSKtoZuVhvNHQGhxaFV7Mtxla5hnKe0m8ybfhOxHmdiHlhm2cQQmeHj1uZlOdF6j02EzZeZhmUUgpUCS8ybnM0n1q53UZYy0cxBWBpIxapRKU8037aDECPKvDYee2CO6nLGbjs7x9R3Y7NL+eU82y7l6Qb4F/2ix8nDdHg5L1yl1JuayWgBBz2xdSw50a3UVX7BHpEE3hAY1xt8z4jSntokh6LwvCvnrc9iO9T1PKrdZiLDcdzpV+Wdzdl3SpSihGS49XuZdmgWu8VSUlyMScGmx3SkSgZB5pvr86ZaRqReoubcd4cvLbDQioale3Sb3CMWbgZFyw1a3lSoKuUdsRyDDLDy9SN5cqAZVBjiRWAZZgtqEb3mh3qVtp6yzR3fwpsbxoBbo8cHBvDu0bxoE9T3kIAGjrRvGgP1TYRfq02MieofAt6tljaZ3K6kXo7YDoDLU+yehIY7Zt67LF4NCrnRbWSIAu8auVS9Cvk/Wx85v5wV+pa3E/Iw+S+hQzCbIi32L77xH+nvgfNf6gp5mcHwLR/lmX/NK/jGxLUChF6ajzNV4bE2IWjMxstyf3BjOZ8AI7hnye1b7VjdVsRmZZ1gjqBirmUOs/qKAKysRNoBP1pdsUpVBz0xx0dBpEgYo4uNNypRnmezBZXIS1tvjI7FHIbcfnLndratq1rByPwshm/Y4K57Oq1uh4O3ZBYRy1CH94Cw4xdBD62kjyHDe86qxi0apNZSW2ybGy+/rVS9oVSaqntuXDZ7RZ016K2FnoMDtS5rkA3obYCIhsXr13B3CPjc5exebSi/qdsmxuA3MtG1Mu9h+wRCzQmby5RVcqjx2tBgZeO1NiqyU9Qo7gawDX3mzoVyN5fllPIprZOaQNvLVnspyip5kPk32W5aOytKKhnU1shvC9s29jw+NWe2wrVraLC/aBXKMTMWs3vR+7v8Kz76GjRe9owr6txDHZlNYhZsc5gWrFlRradF+xpvwPg3Z8Ce8265vPxKnK3Wt9XOU2RA+anMmOA35LFHbsWdWswMiU7cxKDhY7fiPWQI1bBt1rKPMjtR2YoMg2F2tLtkn3c283aNm95FUh3EFlkI5CAWn5lLolKQb0dkrdYXOfvo6F9g3Kfazf3jrfMBR6jsXcit2kR+LMMEyMR2BtbEhMA/V/UR0HYEm8pwrfafeR0HYm83qHft+0m9lfqXeZbtvdvFttNjIvor5DPX7vemRkV3V72ZFG7WQOKzEdy8yUyYkAH+sTavjU8n62PmN8wj83Stjipeth8l9DNkVkogPVqX6C4j/T3wPmv9QLyGWyHQC0f5Zl/wA0q3oN5awUIvS7kGQ1rFNiAxecaIbgNK7A1xnxo7ArKZVJbJvMyA6EAm82513pkwGMd7r2JANMxbvKiQMcL+lKlEHiZyqSyG03OYuf5X63T8b9BGnw73L/AGix7Y+hcj9Z6qRboYyLNbarcnR6FnjPbmXhvXiO+9tcdbLW7GNvoXkN694i1lq6VUk062wo8pwi92Cpyi0KpNxSeba0B61mteiTQMxXCukBzFDuuSiYbgvGWvZ4EpGMVoNPbabEyDV0JS5Eu9kgNm0FGKvKKve1EVibEuUSJRb3rTDR5lKJHUrIgtnqPY4nxkFTMo8doSkCAN+BPjJ5ay9SprYEWazo5d6sxkoW1KGdBbjskJhbmJ9EioxU8jh8u3J1uK5KSnfESms1iBK9ZUOY9DkdbInoJU7athtUtb0jB/bVKoxcBiUObboes0LPtwdjVqztb1LDuMqPXnmZBTAcN7YfkWZfjLNGcvpTLMp4bGcvVmWfxqpGOtodtipbeblSJBgHvGwD4FK1HUDnShZIGtPgBFUkTDdUblQxOzLNvlmH10dDexgnm8kTE7svzo6DsI3UmzlCPeA5y1HqOwjzzecVn7MEdR2LllkyRhs7tSjagXcZ0id+nvATdoDeZvZER3skiAIyI7mTYBmWYmBXlHtbK/f5U2JUoq+ZDzWbfLsT4yVpqXJsErAV6qXoU4xUNWZcatHrcFxavFfWw85hatKypzx2dS+9cHHXB8I56WzkA26k3br2LXl9bIj/AJo4y8y6gdBHGWTEreYgdFbIhtkV5oML8O35EAZ6HH8azzi5R2wQA247JkmTBgYcXwAkBz0WLbyuWgK9xlvxp8Ygw9qiiPuxy1yPJ/W6fjfoDp7Nriqyj6FyP1nJ39VIFWzPcgZje2zrZOZ1jvs1x2ZQ6bGtaCjvfAsybeqk11JLnDYqcotGqT0rDuWYjr6VlWtfGk2FPFsdYWEs+2TVPN5YOaN/eKRvV0hzNLSYWJSBF5lkGyM1OKZdxlvME7DTYq8og8C4RXh9hQjISiXei6RC/R3ib2VJK+ZBvcECvylKMjlbKpse0nyA+WrkZEamdqVL4obyDvE+iStfFn3qO2T2j6/lVnsqRiJHhtx/juXu03Q6RS48wSGRYQfAlSyUfKk26TVsOFx+HHjeBvfGL+BQjHYTKPl26wz20RzLhaiHCzW+XY91KnfjG1chrbCm1hm4pUU7mnOZvvtVa+hoRzNi2lSmXWSMT6m2zVSNS5H3HCzY5w4HocFeJdlXmOcRZrHJ3oHYw29ZK4jy5aB2PDVo5Ryimeu3LQOyQzHAZ4j2XdmlxqNEivcKyV3Ma8BJuoB8Y4b2v9n9REA6QzqK164EwE8ly4gA0RkJEZTOUN9mtN7K0oq1xlvUfs1Zol6CujF1zMuIvcroeI+ty/IPNZjzcqQ8Zh1L9C8ZHXB+feTls5AqWgdIK5H61OX+aDKoONdaV2M6iM16xHYdRHKsye40dg71hH98jsAyev61RODceeAd+YgF+MkB0IBhmpOeBAG4jNFDyoFz/BT7C2Ow5kuZIiO/rXM5zqOP+gSKzaWtU8aJvyTDeeuJVr/kPo+NTymcqURe85i5zl6vQ3OIl6zlNkZTgrmpRdLVJtIMq5n6ypyi2KpN5heU3xAi6eWDY6FnW1Neq1vI8rVYGxUrGrWuILeaRXJKERPV7gXW7OvyoWIhuU/TvzAXsRIuWW05b0JsVeRd6U21oA9aDZKuoSrm9OxtCuTcecISEPDsUnky5MuHnXH+s+FPgRJT1SK2dogGWbe9WYyRkq/V+m2zLDxpvYqUUW4vOuBk3DRK8rUMzTeFLhzMOWOYZilStHRYRafpkX2OBa25qVa2R9U2XxthWm1SOUjQzIb5gPM7xNaeHbrZ+ZHY8/oePMQYSqBU2smbjXvr07QxauQnW9Yw/jiLNij88uB7mb1m30NOrk2yp9cutzZPL8ZKj2b1FpopDbokV7LhoWZSRbebIhO/Q5y1XI7lZD17jI92bhZZoSXAjFNu0HtDgoTiIMfNbII73Sg1FzvmTPl6dYKfVDqYGZFyfm9m1HUdUS5rImXLdbUFhzjOa9s0NjsQryiz9ccZijo9p4Vo0S9DMi87xZI4WlyJXvOWC6/gatk3LeJcnXB5G3UHBK4195g+ByiaGY26KerlZDN21I6Gk7XA6EdAJbt0I6B2U2joFly7s1VjjAIDsm7oQHDD8iAjKbyhU5CREXnHZQsBfuVOUluiOxdNi3mFrWVfHY3Mb24GLm9Qj4VViZjfWTy7/jVS2PrPj9BOpM3siVnMb3rK5WPoaPGS9ZUdorkpRdbFqsO1C7QYdSqSitxtbTDshxqRrsVW+pq0WvUKaV9vUCw73R0LiPIbatNVUorxuVmwbhQsRV5PW3L2Iko5kpwnL/dpsVeReQ9Huv8AtoNkTubtK7mIVwxHdepPJlybttsPvN9qfAiTno7d1lgOaVHulKJHh4okNz3KbLXamRkX1ReeitDZoE7kRihKSvlViC1cA2OO92nxqU5WqeVi5tp7h4Z3ZnLU9Ct5pUvPSpREBvaOtMhVrKlfsYfH1Ni++DN8A6zWxje4zeQ6Y7G4dnVyjPEY/wBXu1sl1LS+79jA+89b0zD/AGjbQM7Wu7seWVbxWttY3KtxScXRcsSAwv7xZFuNra8eQXg4qZPrDmEqeg+OSJ62iukUi8CNvmWI0Lkbzjdejk5FMHgE2+Wl6DN5ocVNtCVlgtt5l4I0GxvScqnFNlKE7Qbf3/UUuie8m5Um2m7jMHA6EdBvWUWtNujYDwOKOgbxhrzbUfz8z6qNB8bVTOe4p7UdzTexPlUzIPN+0x69kYAftDX1TwPg7HzLxtk63m70NwS2L6jB8wlFFsWx6DFPKlE03HbPrQgk3F1IA2THPoQHcKygOkQ/CazziuW8115iA7inBLVeo9gcj1Bs96NgRkPNuoihf7iMOK20RHYlWyavHxOCWlYdtuxqxEEmwG9Z9tGxZjIEdZJVUU5RRlM5rJIlEyq9Ri5lPEw/vbXHZOM63Gv8wsIMzKcvBZXRpdvLvRKO9xUdmUHLNtU76m1hyemYdlcVHZ+FYd9ToYyXjb1g7w5aRoP7GItUs0e8RoHZKZKby7wNHVDsqXHrLjNHUvuXImzG9o+8HWjqV3JlIcAdfs+tWOo7k/WWojvUtCttKuVZsisBM0PN5WZXo8XSTwedN0K08mancxJFJywDMtWZpTeqtLMmRqFYnTR0ADIeZS8tCv41bzk7Fa9uJ+U8bgt9aNt1ZXSFiVPp86qPEVNprzxudyDIXrTr49RtzmgHs1xVKZulGzT2nB2X61oV8Uz7eTIzuzeK0JaDed6zLeS1asPWzLcrYydUwbayR5NuX5FoVe2z7PcUJYbcaZeIQNPql5iZVWVOuBqh09xqmsiTxi73l637fC9OZD9f3Uauc1zWnGVaLrE2Xgb6CNYGd4O1/H+v/wAmrh+L9n6/8XDiyU1vZMfhXMW8DdjtyPOUZBocaNnbvvuzAVH7hvacecoG/DywriMPjSJcReZ960CU3tEgn81N7LDzdShLjL16PL0L78JIM+ONskGwbHpNVJYd61HkKFf64kNOfN5lzXeKUZXF+Zg0FLqzkoc+Rzgt33qrfV/uLtGdP+Gus5tpsjzmbWyzL1PGonyFwtvhx9DyuvTHqpVnpXRdlh8C/QHhzB8nQ+FeI+R85er3I7hDsW85ou5DvLYgJDFcDoUYIIkLgdBp4DLMuvUQHmoCycy7uhUTgXI7aAVKO2Y70yVQK8K50KpKIcUeQHWaahV7hiU49Cp46Mw3OYazr5Ohw4qv1w40WpZ+paMRa9HMrCM+YldnnZaRXm3dhpdURK8xl6daLYm1RVdUpvFM3hvbWVnYzcw7/LquO9lWie9tclfF0FUvMPQsCyGyIWC2OLIvk3MOT1qDHbaLPjvWh4Fh3ydDVNaSG5DojYCO6z3JuSnGhLxo7juJ6yby7DM7EdC+xGVWGyIgE8w/AjoV2KlWHDIgDSHWiMUOznJTkoRAng5e9NjEdibwtu6De+umdi5RV85uKNseO8d7ab2U5K95mltMk6XOd8xptUthduTAnk36IEY3jc9yC0KsbYyrcyBym4LrFXez5Rsw4/je1n9hXKOInWp38lCxeN9nNNodcgynzeqEF7lmy9sE1r1YdFbBvvnY9Qgsx6bbHisssg5sBnQFiuaNYlbsOFHbd0eVMjLWVo2KedR2dVoBejaXqZOqYbbNsuSnFsfMw63lvAAAvape89jKGlg5TkdqQUceXl8tfQsPGusocBnW67ycp7walKH/AHBb/wBtUuPczrUbZUVkRjfYYtcMetIlRSftuRGK4RJXkaLD4517ig396FwKcuMoEeQvSbjxdV7Jt/Capy4Olcjy9xhuHFDWMl5n4VTt4GmxZq8Qzr+RZUuvVSnbzZmNN9ZaFzmZ4M2fr/ydRg+NoV/r/wAT1SxVVqo3kEYMh4BW1xnhqGHP9f3Z2d4lnmU/r+ypbecFdxf7cHCx9y4TjHBGxeB3EeT0IDuI8noUYICC82Q69KeAybZNRBfKZ8HpQA25TZ7d6zDhsxwh0JvUdkrXLdQJvcdRGxb6t6O46hvNt+NEovKoucZZqUe0g1trnsyTo8STNzKO465kCFuYSjKS2TKmuNPbD5aqyk86Lyk5gkN33kvsZ1aBtnTdYjsOrnKfzNPMSIySkRnYbjytnJd8ays7D2NjBzta2wO83AmFFlBa7+8uVzqnWcRf63tFJkZUdnRcC5K92PaFkDkqvZTNgs2glxib5mFbN1bEUXJK6T3fQrccadjPv5CDNzMUbeHeOzwK9HjJsWXKq1zEkgbtYM+dXI4JX3qkOJmWmeHF4ydt3pf3UPvWBhnFFjJGEN547eoEfdQ+9YCNvYmqhCECjybLe+s0JlXGKlvOTL4bg1LFFYlUs/mshkssweWnVx7Ot5qb0iH2TwYGTKqMw5jveWWWAK0o8RCtUv5OdjYUmn0dpkQjwGWcsss9CuRw4Vqcb5pOUeKZXgAKaKtnUeQ6QxxC5AXEqG81DGzeyP2kJF2atIHkGzo8aAa33GexxAVtWbj8OWVqNOgRJj5kPhY70gg7scxGNV7xV8vZeFkOa8UgN7hOOL6TjR10uDv9yYbkdxK6olyiuXbEqUQkLbgirAGHRcgOckNpndAFsbtYI7hIo946F6V1Dy7CUJSHUwyzmj7tS7micC90mmAwMNz2qAJwf6fQgE3o7gbEBFxt62w0AEnHLkIF9fnQFXHqXp8a5irJa0qFpDnfAtOq9TlUtG5DZDqBPeuIkAu4zdrI9Dalt2PejN1CuSmpzMqBzMnoWVk1bGrjNdT47dZIZQBl8jZ51mSk0YOlUHcFmtVJSW4xRi0eQ05s0JXZFoIcO8RH7FqOwWDNJct2XGjsj8ghUVwCG9k0bXnUu9hluVaZGbJ3d8Kz8zB2NPBzta+p8XEECOPzxmU23s0WGuelxELHTVc1MZuk1KpM3m9bp1+VSjwsFO/mpht9n7ZFeZvOfEe5Wo8ez/vCdi2h4HitDfwwXrQ8qhK005gWKQ6oYczyI0FytVcjC7NNK9qGFnwI1o7ZtBhlmmmQ8QyF/wAAGjWNs2yJmKDOkAbDyqUYmbYPPcVUdyg4ij4tgd08TbbwD0n404rtB6hDJupU9nYWcOYBqHrNrlBRyoc6OWgzRqmJXwrDGqTopa2Qcy+slFE4zXm3XsrJQFgzKbdKzRY4ndEkXGWReESDQ4joEZDzbQ6EkKt4nHbtidAiTN40e4KgzpGi/hskPjNaeDV76nnS9l4nwtuxd1L26HCxl7zuXbqsUZRTLvON6iEASJAu242eyxTAbjN92tAJky8JaFBBw5wFq2IBjiHAGyxNlJMMnnLtiRKQMQ5DYbk1BZNzGSEdiZGQGGY35EwOblNl0IAbjlyAXcZuQCpR9W9CCPD+f0ID/9k=,192.168.1.231:2008/f188bfb0a60c976b39a1e9dbbc94360d/Patient/patjezh3gx2/Photo/attjg7j9563,47039,57d44ce2157439758133cb1e3894afa7dfc64254,909356_1324771343280_full.jpg,2018-04-20 12:47:17.000,patjezh3gx2,,
